,Country,Year,Income per Capita
0,Aruba,2011,36015.070460
1,Afghanistan,2015,1925.165228
2,Afghanistan,2014,1942.484610
3,Afghanistan,2013,1941.610049
4,Afghanistan,2012,1934.285634
5,Afghanistan,2011,1712.588720
6,Afghanistan,2010,1629.167290
7,Afghanistan,2009,1525.517054
8,Afghanistan,2008,1283.040986
9,Afghanistan,2007,1245.059223
10,Afghanistan,2006,1095.655628
11,Afghanistan,2005,1039.408242
12,Afghanistan,2004,940.476299
13,Afghanistan,2003,945.686930
14,Afghanistan,2002,895.599149
15,Angola,2015,7386.700843
16,Angola,2014,7327.379490
17,Angola,2013,7096.786468
18,Angola,2012,6758.278050
19,Angola,2011,6524.481181
20,Angola,2010,6360.848980
21,Angola,2009,6284.274905
22,Angola,2008,6298.012440
23,Angola,2007,5613.232196
24,Angola,2006,4614.590809
25,Angola,2005,3838.264572
26,Angola,2004,3256.653754
27,Angola,2003,2961.964572
28,Angola,2002,2858.897069
29,Angola,2001,3131.995858
30,Angola,2000,3036.559728
31,Albania,2015,11479.087460
32,Albania,2014,11307.549280
33,Albania,2013,10578.789110
34,Albania,2012,10526.868690
35,Albania,2011,10209.200990
36,Albania,2010,9646.582277
37,Albania,2009,8823.861485
38,Albania,2008,8228.328189
39,Albania,2007,7289.605417
40,Albania,2006,6634.754475
41,Albania,2005,5942.858972
42,Albania,2004,5524.947616
43,Albania,2003,5114.775044
44,Albania,2002,4754.656802
45,Albania,2001,4463.614854
46,Albania,2000,4026.537421
47,United Arab Emirates,2015,69970.815340
48,United Arab Emirates,2014,67238.995260
49,United Arab Emirates,2013,64409.908280
50,United Arab Emirates,2012,61115.209460
51,United Arab Emirates,2011,57594.126680
52,United Arab Emirates,2010,56245.478160
53,United Arab Emirates,2009,59100.380540
54,United Arab Emirates,2008,69124.396210
55,United Arab Emirates,2007,75426.793510
56,United Arab Emirates,2006,82754.281980
57,United Arab Emirates,2005,84338.359410
58,United Arab Emirates,2004,87843.708110
59,United Arab Emirates,2003,85563.636420
60,United Arab Emirates,2002,82369.685020
61,United Arab Emirates,2001,83533.555220
62,United Arab Emirates,2000,84974.894090
63,Argentina,2015,20338.189060
64,Argentina,2014,19801.945110
65,Argentina,2013,20162.265120
66,Argentina,2012,19579.711130
67,Argentina,2011,19629.947010
68,Argentina,2010,18333.994670
69,Argentina,2009,16618.432860
70,Argentina,2008,17711.673810
71,Argentina,2007,16865.680210
72,Argentina,2006,15227.566390
73,Argentina,2005,13817.713010
74,Argentina,2004,12430.687410
75,Argentina,2003,11217.543820
76,Argentina,2002,10217.253410
77,Argentina,2001,11419.050940
78,Argentina,2000,11810.061050
79,Armenia,2015,8418.727790
80,Armenia,2014,8117.608500
81,Armenia,2013,7733.631944
82,Armenia,2012,7401.856398
83,Armenia,2011,6803.482997
84,Armenia,2010,6376.268217
85,Armenia,2009,6158.301452
86,Armenia,2008,7097.912173
87,Armenia,2007,6483.504649
88,Armenia,2006,5526.092806
89,Armenia,2005,4716.243273
90,Armenia,2004,3998.143137
91,Armenia,2003,3510.316808
92,Armenia,2002,3007.219393
93,Armenia,2001,2605.771618
94,Armenia,2000,2313.331946
95,Antigua and Barbuda,2015,23062.278270
96,Antigua and Barbuda,2014,22133.755020
97,Antigua and Barbuda,2013,20999.016920
98,Antigua and Barbuda,2012,20919.655010
99,Antigua and Barbuda,2011,19987.924140
100,Antigua and Barbuda,2010,20151.309870
101,Antigua and Barbuda,2009,21671.375750
102,Antigua and Barbuda,2008,24723.111890
103,Antigua and Barbuda,2007,24503.844870
104,Antigua and Barbuda,2006,22040.913660
105,Antigua and Barbuda,2005,19067.068300
106,Antigua and Barbuda,2004,17593.876240
107,Antigua and Barbuda,2003,16426.924310
108,Antigua and Barbuda,2002,15372.578190
109,Antigua and Barbuda,2001,14907.072630
110,Antigua and Barbuda,2000,15312.566500
111,Australia,2015,46270.799340
112,Australia,2014,46298.687180
113,Australia,2013,45574.632830
114,Australia,2012,42596.294120
115,Australia,2011,41763.118510
116,Australia,2010,39169.559980
117,Australia,2009,40256.051270
118,Australia,2008,37479.289120
119,Australia,2007,36565.518470
120,Australia,2006,34324.971730
121,Australia,2005,32559.459290
122,Australia,2004,31312.792990
123,Australia,2003,29691.534580
124,Australia,2002,28685.306140
125,Australia,2001,27399.177990
126,Australia,2000,26374.715750
127,Austria,2015,49429.555550
128,Austria,2014,48658.980090
129,Austria,2013,47764.823120
130,Austria,2012,46233.396240
131,Austria,2011,44237.960320
132,Austria,2010,41906.729590
133,Austria,2009,40704.409710
134,Austria,2008,41058.630540
135,Austria,2007,39150.877280
136,Austria,2006,37455.510210
137,Austria,2005,34866.840440
138,Austria,2004,33649.413350
139,Austria,2003,31987.220570
140,Austria,2002,31119.209990
141,Austria,2001,29725.427330
142,Austria,2000,29301.086980
143,Azerbaijan,2015,17779.773760
144,Azerbaijan,2014,17607.622890
145,Azerbaijan,2013,17171.761370
146,Azerbaijan,2012,16180.887150
147,Azerbaijan,2011,15754.152360
148,Azerbaijan,2010,15627.605620
149,Azerbaijan,2009,14900.508660
150,Azerbaijan,2008,13799.786140
151,Azerbaijan,2007,12477.384690
152,Azerbaijan,2006,9830.162606
153,Azerbaijan,2005,7169.150431
154,Azerbaijan,2004,5551.448842
155,Azerbaijan,2003,4945.907916
156,Azerbaijan,2002,4393.967199
157,Azerbaijan,2001,3942.084882
158,Azerbaijan,2000,3534.329148
159,Burundi,2015,727.150789
160,Burundi,2014,773.703029
161,Burundi,2013,750.594403
162,Burundi,2012,730.033566
163,Burundi,2011,712.670483
164,Burundi,2010,693.470003
165,Burundi,2009,683.468685
166,Burundi,2008,679.061456
167,Burundi,2007,656.867749
168,Burundi,2006,632.647436
169,Burundi,2005,603.265541
170,Burundi,2004,599.856099
171,Burundi,2003,576.478186
172,Burundi,2002,591.494016
173,Burundi,2001,574.868261
174,Burundi,2000,565.357933
175,Belgium,2015,45757.457810
176,Belgium,2014,44746.818380
177,Belgium,2013,43489.412700
178,Belgium,2012,42354.620560
179,Belgium,2011,41248.692700
180,Belgium,2010,40129.426330
181,Belgium,2009,38047.677270
182,Belgium,2008,38133.512230
183,Belgium,2007,36858.193320
184,Belgium,2006,35406.622800
185,Belgium,2005,33332.352750
186,Belgium,2004,32260.772900
187,Belgium,2003,31054.643560
188,Belgium,2002,30482.773570
189,Belgium,2001,29024.907960
190,Belgium,2000,27966.938800
191,Benin,2015,2056.700772
192,Benin,2014,2045.971787
193,Benin,2013,1940.416105
194,Benin,2012,1829.728888
195,Benin,2011,1761.574331
196,Benin,2010,1723.796926
197,Benin,2009,1716.207268
198,Benin,2008,1714.280209
199,Benin,2007,1651.808665
200,Benin,2006,1565.556910
201,Benin,2005,1507.891161
202,Benin,2004,1483.357743
203,Benin,2003,1428.792779
204,Benin,2002,1400.049756
205,Benin,2001,1361.728492
206,Benin,2000,1305.034602
207,Burkina Faso,2015,1696.025601
208,Burkina Faso,2014,1660.464640
209,Burkina Faso,2013,1614.378644
210,Burkina Faso,2012,1547.649372
211,Burkina Faso,2011,1470.435184
212,Burkina Faso,2010,1392.189049
213,Burkina Faso,2009,1307.256177
214,Burkina Faso,2008,1299.217851
215,Burkina Faso,2007,1241.943039
216,Burkina Faso,2006,1198.075128
217,Burkina Faso,2005,1127.559147
218,Burkina Faso,2004,1035.724288
219,Burkina Faso,2003,993.505833
220,Burkina Faso,2002,930.091400
221,Burkina Faso,2001,903.338829
222,Burkina Faso,2000,852.389067
223,Bangladesh,2015,3339.589283
224,Bangladesh,2014,3138.242457
225,Bangladesh,2013,2942.373187
226,Bangladesh,2012,2764.781928
227,Bangladesh,2011,2579.335048
228,Bangladesh,2010,2401.718740
229,Bangladesh,2009,2273.164201
230,Bangladesh,2008,2171.629728
231,Bangladesh,2007,2031.778522
232,Bangladesh,2006,1871.000135
233,Bangladesh,2005,1724.427708
234,Bangladesh,2004,1591.404389
235,Bangladesh,2003,1495.529221
236,Bangladesh,2002,1424.312233
237,Bangladesh,2001,1375.759114
238,Bangladesh,2000,1304.442358
239,Bulgaria,2015,18248.779940
240,Bulgaria,2014,17406.098460
241,Bulgaria,2013,16646.784830
242,Bulgaria,2012,16208.324310
243,Bulgaria,2011,15676.120980
244,Bulgaria,2010,14962.934050
245,Bulgaria,2009,14133.066950
246,Bulgaria,2008,14395.630420
247,Bulgaria,2007,12897.905230
248,Bulgaria,2006,11377.809910
249,Bulgaria,2005,10275.020600
250,Bulgaria,2004,9177.379026
251,Bulgaria,2003,8379.256378
252,Bulgaria,2002,7766.236807
253,Bulgaria,2001,6954.188050
254,Bulgaria,2000,6370.557933
255,Bahrain,2015,46586.068700
256,Bahrain,2014,45310.958850
257,Bahrain,2013,43053.410760
258,Bahrain,2012,40669.704500
259,Bahrain,2011,39311.325160
260,Bahrain,2010,39105.315710
261,Bahrain,2009,39025.539330
262,Bahrain,2008,40514.042780
263,Bahrain,2007,40648.969930
264,Bahrain,2006,39896.169250
265,Bahrain,2005,39449.622430
266,Bahrain,2004,38411.800570
267,Bahrain,2003,37073.103160
268,Bahrain,2002,35995.447610
269,Bahrain,2001,35715.017770
270,Bahrain,2000,35503.034170
271,Bahamas The,2015,23001.007150
272,Bahamas The,2014,23441.102160
273,Bahamas The,2013,23469.616660
274,Bahamas The,2012,23432.400850
275,Bahamas The,2011,22665.167560
276,Bahamas The,2010,22431.137640
277,Bahamas The,2009,22196.819490
278,Bahamas The,2008,23397.815770
279,Bahamas The,2007,23928.021320
280,Bahamas The,2006,23417.234360
281,Bahamas The,2005,22602.886210
282,Bahamas The,2004,21619.394650
283,Bahamas The,2003,21304.661350
284,Bahamas The,2002,21606.437160
285,Bahamas The,2001,21131.668900
286,Bahamas The,2000,20486.837360
287,Bosnia and Herzegovina,2015,10851.718630
288,Bosnia and Herzegovina,2014,10472.717490
289,Bosnia and Herzegovina,2013,10202.761610
290,Bosnia and Herzegovina,2012,9691.695739
291,Bosnia and Herzegovina,2011,9523.106752
292,Bosnia and Herzegovina,2010,9042.106226
293,Bosnia and Herzegovina,2009,8793.374005
294,Bosnia and Herzegovina,2008,8822.598879
295,Bosnia and Herzegovina,2007,8018.746485
296,Bosnia and Herzegovina,2006,7270.559159
297,Bosnia and Herzegovina,2005,6365.866291
298,Bosnia and Herzegovina,2004,5774.640574
299,Bosnia and Herzegovina,2003,5295.303712
300,Bosnia and Herzegovina,2002,5070.586021
301,Bosnia and Herzegovina,2001,4706.564300
302,Bosnia and Herzegovina,2000,4494.598108
303,Belarus,2015,17740.513730
304,Belarus,2014,18290.742860
305,Belarus,2013,17680.544850
306,Belarus,2012,17217.455570
307,Belarus,2011,16603.088070
308,Belarus,2010,15384.514150
309,Belarus,2009,14082.886390
310,Belarus,2008,13917.778670
311,Belarus,2007,12343.875080
312,Belarus,2006,11021.026070
313,Belarus,2005,9661.139420
314,Belarus,2004,8497.493761
315,Belarus,2003,7370.017294
316,Belarus,2002,6703.403419
317,Belarus,2001,6245.079773
318,Belarus,2000,5800.594599
319,Belize,2015,8483.516867
320,Belize,2014,8485.555403
321,Belize,2013,8184.073775
322,Belize,2012,8126.321478
323,Belize,2011,7867.204816
324,Belize,2010,7727.454571
325,Belize,2009,7569.619167
326,Belize,2008,7641.928505
327,Belize,2007,7449.361273
328,Belize,2006,7365.876250
329,Belize,2005,7013.425023
330,Belize,2004,6796.580124
331,Belize,2003,6484.045996
332,Belize,2002,5968.634250
333,Belize,2001,5750.343844
334,Belize,2000,5519.883853
335,Bermuda,2013,52436.056410
336,Bermuda,2012,53097.696290
337,Bermuda,2011,54984.510390
338,Bermuda,2010,55254.214120
339,Bermuda,2009,55320.161710
340,Bermuda,2008,58288.612090
341,Bermuda,2007,56640.989000
342,Bermuda,2006,53949.423710
343,Bermuda,2005,49877.284110
344,Bermuda,2004,47835.439230
345,Bermuda,2003,45797.320360
346,Bermuda,2002,43706.034740
347,Bermuda,2001,43976.092510
348,Bermuda,2000,40535.208260
349,Bolivia,2015,6953.827100
350,Bolivia,2014,6662.801466
351,Bolivia,2013,6303.441473
352,Bolivia,2012,5899.802219
353,Bolivia,2011,5598.581490
354,Bolivia,2010,5298.221351
355,Bolivia,2009,5108.888916
356,Bolivia,2008,4986.958840
357,Bolivia,2007,4685.000005
358,Bolivia,2006,4438.691785
359,Bolivia,2005,4180.388249
360,Bolivia,2004,3946.773387
361,Bolivia,2003,3753.112061
362,Bolivia,2002,3647.631580
363,Bolivia,2001,3570.113727
364,Bolivia,2000,3497.336516
365,Brazil,2015,15473.693640
366,Brazil,2014,16045.227460
367,Brazil,2013,15823.607230
368,Brazil,2012,15256.608430
369,Brazil,2011,14836.381360
370,Brazil,2010,14114.592840
371,Brazil,2009,13094.136020
372,Brazil,2008,13140.865460
373,Brazil,2007,12389.596520
374,Brazil,2006,11502.273110
375,Brazil,2005,10860.524380
376,Brazil,2004,10324.931030
377,Brazil,2003,9630.144212
378,Brazil,2002,9468.475047
379,Brazil,2001,9182.220217
380,Brazil,2000,8987.187225
381,Barbados,2015,16405.762600
382,Barbados,2014,16136.564760
383,Barbados,2013,15870.457650
384,Barbados,2012,15680.727290
385,Barbados,2011,15404.801350
386,Barbados,2010,15035.417690
387,Barbados,2009,14874.632390
388,Barbados,2008,15446.641170
389,Barbados,2007,15153.148540
390,Barbados,2006,14563.174810
391,Barbados,2005,13421.251410
392,Barbados,2004,12549.193710
393,Barbados,2003,12080.647090
394,Barbados,2002,11626.146870
395,Barbados,2001,11393.775590
396,Barbados,2000,11445.879430
397,Brunei Darussalam,2015,78369.291020
398,Brunei Darussalam,2014,79059.488900
399,Brunei Darussalam,2013,80677.314110
400,Brunei Darussalam,2012,82317.361570
401,Brunei Darussalam,2011,81314.269100
402,Brunei Darussalam,2010,77992.287830
403,Brunei Darussalam,2009,76306.577740
404,Brunei Darussalam,2008,78366.005710
405,Brunei Darussalam,2007,79702.980670
406,Brunei Darussalam,2006,78845.388540
407,Brunei Darussalam,2005,74540.599080
408,Brunei Darussalam,2004,73189.842010
409,Brunei Darussalam,2003,72119.265810
410,Brunei Darussalam,2002,69949.333160
411,Brunei Darussalam,2001,67565.019730
412,Brunei Darussalam,2000,65563.488190
413,Bhutan,2015,8369.825350
414,Bhutan,2014,7875.800825
415,Bhutan,2013,7417.444076
416,Bhutan,2012,7251.433192
417,Bhutan,2011,6882.688407
418,Bhutan,2010,6354.393934
419,Bhutan,2009,5717.165737
420,Bhutan,2008,5418.202026
421,Bhutan,2007,5172.726954
422,Bhutan,2006,4365.935906
423,Bhutan,2005,4060.201675
424,Bhutan,2004,3770.094685
425,Bhutan,2003,3564.723225
426,Bhutan,2002,3344.159882
427,Bhutan,2001,3064.827799
428,Bhutan,2000,2850.815991
429,Botswana,2015,15839.302390
430,Botswana,2014,16011.868470
431,Botswana,2013,15545.865130
432,Botswana,2012,14210.962240
433,Botswana,2011,13634.263470
434,Botswana,2010,12854.160730
435,Botswana,2009,11934.057030
436,Botswana,2008,13081.997840
437,Botswana,2007,12310.291270
438,Botswana,2006,11277.620220
439,Botswana,2005,10268.511340
440,Botswana,2004,9661.287314
441,Botswana,2003,9283.017396
442,Botswana,2002,8814.829988
443,Botswana,2001,8296.884674
444,Botswana,2000,8212.669635
445,Central African Republic,2015,618.752859
446,Central African Republic,2014,595.795888
447,Central African Republic,2013,590.806981
448,Central African Republic,2012,936.638871
449,Central African Republic,2011,900.639785
450,Central African Republic,2010,870.739338
451,Central African Republic,2009,850.778049
452,Central African Republic,2008,845.902611
453,Central African Republic,2007,828.077812
454,Central African Republic,2006,785.094272
455,Central African Republic,2005,739.824693
456,Central African Republic,2004,722.371407
457,Central African Republic,2003,674.198777
458,Central African Republic,2002,710.228782
459,Central African Republic,2001,686.658900
460,Central African Republic,2000,654.503008
461,Canada,2015,44261.838000
462,Canada,2014,45126.458740
463,Canada,2013,44150.413780
464,Canada,2012,42145.097860
465,Canada,2011,41565.271220
466,Canada,2010,40027.240210
467,Canada,2009,38791.074690
468,Canada,2008,40277.619310
469,Canada,2007,39441.967790
470,Canada,2006,38009.876000
471,Canada,2005,36134.602240
472,Canada,2004,33754.869560
473,Canada,2003,32189.061600
474,Canada,2002,30851.311480
475,Canada,2001,30073.912810
476,Canada,2000,29185.355060
477,Switzerland,2015,62557.491310
478,Switzerland,2014,61282.109890
479,Switzerland,2013,59842.264860
480,Switzerland,2012,57590.701180
481,Switzerland,2011,55918.732830
482,Switzerland,2010,52935.804140
483,Switzerland,2009,51632.653590
484,Switzerland,2008,52317.570540
485,Switzerland,2007,49467.220550
486,Switzerland,2006,44951.628660
487,Switzerland,2005,40457.730860
488,Switzerland,2004,39135.826690
489,Switzerland,2003,37611.518420
490,Switzerland,2002,37682.139470
491,Switzerland,2001,36862.112940
492,Switzerland,2000,35675.094530
493,Chile,2015,23366.583910
494,Chile,2014,22909.796250
495,Chile,2013,22543.943740
496,Chile,2012,21370.099310
497,Chile,2011,20266.036030
498,Chile,2010,18249.540770
499,Chile,2009,16226.148680
500,Chile,2008,16437.572090
501,Chile,2007,16841.560030
502,Chile,2006,15637.696440
503,Chile,2005,12964.804940
504,Chile,2004,11991.272530
505,Chile,2003,11133.570730
506,Chile,2002,10535.560410
507,Chile,2001,10249.826490
508,Chile,2000,9848.898397
509,China,2015,14450.716220
510,China,2014,13439.907640
511,China,2013,12367.965860
512,China,2012,11351.062840
513,China,2011,10384.367320
514,China,2010,9333.124882
515,China,2009,8374.432850
516,China,2008,7635.073139
517,China,2007,6863.982229
518,China,2006,5883.719784
519,China,2005,5092.560189
520,China,2004,4455.205330
521,China,2003,3961.274167
522,China,2002,3551.663897
523,China,2001,3226.848680
524,China,2000,2933.315020
525,Cote d'Ivoire,2015,3513.684726
526,Cote d'Ivoire,2014,3262.726564
527,Cote d'Ivoire,2013,3027.654639
528,Cote d'Ivoire,2012,2803.700937
529,Cote d'Ivoire,2011,2546.906812
530,Cote d'Ivoire,2010,2671.139553
531,Cote d'Ivoire,2009,2645.430634
532,Cote d'Ivoire,2008,2598.689986
533,Cote d'Ivoire,2007,2538.131677
534,Cote d'Ivoire,2006,2478.838227
535,Cote d'Ivoire,2005,2415.250437
536,Cote d'Ivoire,2004,2343.029270
537,Cote d'Ivoire,2003,2292.627944
538,Cote d'Ivoire,2002,2319.377597
539,Cote d'Ivoire,2001,2367.134018
540,Cote d'Ivoire,2000,2360.206139
541,Cameroon,2015,3115.278819
542,Cameroon,2014,2986.974188
543,Cameroon,2013,2840.321368
544,Cameroon,2012,2715.354110
545,Cameroon,2011,2614.495561
546,Cameroon,2010,2522.881810
547,Cameroon,2009,2475.605671
548,Cameroon,2008,2472.469533
549,Cameroon,2007,2417.748926
550,Cameroon,2006,2339.807259
551,Cameroon,2005,2256.197358
552,Cameroon,2004,2192.349746
553,Cameroon,2003,2111.164252
554,Cameroon,2002,2041.760122
555,Cameroon,2001,1984.237936
556,Cameroon,2000,1905.370959
557,Congo Rep.,2015,6381.087257
558,Congo Rep.,2014,6307.901691
559,Congo Rep.,2013,5949.585277
560,Congo Rep.,2012,5803.088800
561,Congo Rep.,2011,5632.435875
562,Congo Rep.,2010,5482.111376
563,Congo Rep.,2009,5125.450614
564,Congo Rep.,2008,4879.038556
565,Congo Rep.,2007,4675.456706
566,Congo Rep.,2006,4770.057891
567,Congo Rep.,2005,4482.453591
568,Congo Rep.,2004,4137.021948
569,Congo Rep.,2003,3985.667797
570,Congo Rep.,2002,3965.123278
571,Congo Rep.,2001,3819.679366
572,Congo Rep.,2000,3684.100083
573,Colombia,2015,13829.068230
574,Colombia,2014,13394.079200
575,Colombia,2013,12725.209840
576,Colombia,2012,12058.461300
577,Colombia,2011,11496.527250
578,Colombia,2010,10680.002080
579,Colombia,2009,10260.205220
580,Colombia,2008,10132.239490
581,Colombia,2007,9710.901183
582,Colombia,2006,8957.336622
583,Colombia,2005,8248.354961
584,Colombia,2004,7732.320562
585,Colombia,2003,7241.331945
586,Colombia,2002,6927.320919
587,Colombia,2001,6750.687139
588,Colombia,2000,6585.333975
589,Comoros,2015,1483.440932
590,Comoros,2014,1487.777216
591,Comoros,2013,1466.937397
592,Comoros,2012,1429.093890
593,Comoros,2011,1396.033351
594,Comoros,2010,1366.097136
595,Comoros,2009,1353.195478
596,Comoros,2008,1349.836947
597,Comoros,2007,1351.097605
598,Comoros,2006,1337.740119
599,Comoros,2005,1295.428760
600,Comoros,2004,1250.253681
601,Comoros,2003,1222.978143
602,Comoros,2002,1203.077100
603,Comoros,2001,1186.637946
604,Comoros,2000,1162.375026
605,Cabi verde,2015,6556.494711
606,Cabi verde,2014,6475.759662
607,Cabi verde,2013,6327.245992
608,Cabi verde,2012,6256.800841
609,Cabi verde,2011,6147.974534
610,Cabi verde,2010,5850.139556
611,Cabi verde,2009,5739.377528
612,Cabi verde,2008,5803.388602
613,Cabi verde,2007,5365.045090
614,Cabi verde,2006,4566.168268
615,Cabi verde,2005,4137.488011
616,Cabi verde,2004,3791.220930
617,Cabi verde,2003,3393.995816
618,Cabi verde,2002,3245.297399
619,Cabi verde,2001,3091.344374
620,Cabi verde,2000,3014.573813
621,Costa Rica,2015,15594.635820
622,Costa Rica,2014,15028.147280
623,Costa Rica,2013,14493.142040
624,Costa Rica,2012,14133.609210
625,Costa Rica,2011,13397.192690
626,Costa Rica,2010,12737.039790
627,Costa Rica,2009,12141.940390
628,Costa Rica,2008,12329.935650
629,Costa Rica,2007,11714.225440
630,Costa Rica,2006,10697.473480
631,Costa Rica,2005,9816.996574
632,Costa Rica,2004,9289.501101
633,Costa Rica,2003,8793.385280
634,Costa Rica,2002,8397.294271
635,Costa Rica,2001,8139.806031
636,Costa Rica,2000,7829.799001
637,Cuba,2015,22377.048920
638,Cuba,2014,21217.482930
639,Cuba,2013,20658.348080
640,Cuba,2012,19821.034860
641,Cuba,2011,18924.724870
642,Cuba,2010,18061.089560
643,Cuba,2009,17443.096110
644,Cuba,2008,17074.861760
645,Cuba,2007,16093.035750
646,Cuba,2006,14625.985360
647,Cuba,2005,12678.130550
648,Cuba,2004,11065.637130
649,Cuba,2003,10205.415180
650,Cuba,2002,9666.375786
651,Cuba,2001,9414.321952
652,Cuba,2000,8948.272750
653,Cayman Islands,2011,49902.146550
654,Cyprus,2015,31539.453800
655,Cyprus,2014,30482.639200
656,Cyprus,2013,30610.882250
657,Cyprus,2012,31877.643280
658,Cyprus,2011,33192.522940
659,Cyprus,2010,33294.918580
660,Cyprus,2009,33922.881750
661,Cyprus,2008,34823.583990
662,Cyprus,2007,32985.920310
663,Cyprus,2006,30496.042070
664,Cyprus,2005,28169.412860
665,Cyprus,2004,26092.069480
666,Cyprus,2003,24300.668460
667,Cyprus,2002,23964.815880
668,Cyprus,2001,23297.388860
669,Cyprus,2000,21695.821090
670,Czech Republic,2015,33770.475930
671,Czech Republic,2014,32386.245310
672,Czech Republic,2013,30513.269790
673,Czech Republic,2012,29047.246440
674,Czech Republic,2011,28797.417960
675,Czech Republic,2010,27659.265240
676,Czech Republic,2009,27567.202460
677,Czech Republic,2008,27784.104570
678,Czech Republic,2007,26058.200420
679,Czech Republic,2006,23751.792040
680,Czech Republic,2005,21909.585170
681,Czech Republic,2004,20781.343400
682,Czech Republic,2003,19361.213680
683,Czech Republic,2002,18141.686460
684,Czech Republic,2001,17556.215700
685,Czech Republic,2000,16132.369750
686,Germany,2015,48041.701410
687,Germany,2014,47099.718030
688,Germany,2013,45273.101090
689,Germany,2012,43564.148020
690,Germany,2011,42692.519760
691,Germany,2010,39263.187790
692,Germany,2009,37080.308250
693,Germany,2008,38028.772140
694,Germany,2007,36436.517770
695,Germany,2006,34261.473650
696,Germany,2005,31968.467450
697,Germany,2004,31439.582730
698,Germany,2003,29988.213390
699,Germany,2002,29326.912070
700,Germany,2001,28541.243870
701,Germany,2000,27277.110330
702,Djibouti,2015,3491.380145
703,Djibouti,2014,3286.641767
704,Djibouti,2013,3087.004985
705,Djibouti,2012,2932.233342
706,Djibouti,2011,2782.971292
707,Djibouti,2010,2644.628229
708,Djibouti,2009,2557.639707
709,Djibouti,2008,2447.953808
710,Djibouti,2007,2298.569959
711,Djibouti,2006,2158.330859
712,Djibouti,2005,2025.134270
713,Djibouti,2004,1928.388215
714,Djibouti,2003,1833.863819
715,Djibouti,2002,1768.428111
716,Djibouti,2001,1723.537812
717,Djibouti,2000,1677.661256
718,Dominica,2015,10864.538420
719,Dominica,2014,10992.971810
720,Dominica,2013,10413.985610
721,Dominica,2012,10215.496210
722,Dominica,2011,10179.379640
723,Dominica,2010,10029.567480
724,Dominica,2009,9866.200557
725,Dominica,2008,9923.669269
726,Dominica,2007,9096.812961
727,Dominica,2006,8346.566932
728,Dominica,2005,7883.800260
729,Dominica,2004,7668.371134
730,Dominica,2003,7255.775062
731,Dominica,2002,6629.942949
732,Dominica,2001,6660.152576
733,Dominica,2000,6479.326599
734,Denmark,2015,49020.394510
735,Denmark,2014,47847.839330
736,Denmark,2013,46769.089460
737,Denmark,2012,44803.962240
738,Denmark,2011,44403.394150
739,Denmark,2010,43082.755540
740,Denmark,2009,40380.944470
741,Denmark,2008,41278.328840
742,Denmark,2007,38953.199890
743,Denmark,2006,37317.116440
744,Denmark,2005,34150.155800
745,Denmark,2004,32931.946500
746,Denmark,2003,30784.416110
747,Denmark,2002,30640.345040
748,Denmark,2001,29517.216400
749,Denmark,2000,28640.062430
750,Dominican Republic,2015,14237.061960
751,Dominican Republic,2014,13313.840000
752,Dominican Republic,2013,12302.039410
753,Dominican Republic,2012,11702.246990
754,Dominican Republic,2011,11320.852250
755,Dominican Republic,2010,10898.519390
756,Dominican Republic,2009,10072.823630
757,Dominican Republic,2008,10038.082540
758,Dominican Republic,2007,9671.448304
759,Dominican Republic,2006,8788.886623
760,Dominican Republic,2005,7816.304264
761,Dominican Republic,2004,7033.127970
762,Dominican Republic,2003,6858.160254
763,Dominican Republic,2002,6844.556135
764,Dominican Republic,2001,6471.262809
765,Dominican Republic,2000,6312.259192
766,Algeria,2015,14688.203300
767,Algeria,2014,14268.155550
768,Algeria,2013,13770.079020
769,Algeria,2012,13449.270000
770,Algeria,2011,13026.191700
771,Algeria,2010,12638.380410
772,Algeria,2009,12263.931140
773,Algeria,2008,12179.247410
774,Algeria,2007,11856.535370
775,Algeria,2006,11342.048640
776,Algeria,2005,10978.294670
777,Algeria,2004,10180.671350
778,Algeria,2003,9623.434463
779,Algeria,2002,8912.710928
780,Algeria,2001,8416.988315
781,Algeria,2000,8093.288390
782,Ecuador,2015,11474.140770
783,Ecuador,2014,11506.204400
784,Ecuador,2013,11037.512380
785,Ecuador,2012,10512.436700
786,Ecuador,2011,9926.952496
787,Ecuador,2010,9163.157909
788,Ecuador,2009,8889.192349
789,Ecuador,2008,8920.477364
790,Ecuador,2007,8366.130132
791,Ecuador,2006,8110.479754
792,Ecuador,2005,7664.289831
793,Ecuador,2004,7169.973366
794,Ecuador,2003,6555.373235
795,Ecuador,2002,6360.970680
796,Ecuador,2001,6120.931848
797,Ecuador,2000,5855.634754
798,Egypt Arab Rep.,2015,10913.433170
799,Egypt Arab Rep.,2014,10585.124560
800,Egypt Arab Rep.,2013,10400.459670
801,Egypt Arab Rep.,2012,10252.522980
802,Egypt Arab Rep.,2011,10071.205260
803,Egypt Arab Rep.,2010,9897.748551
804,Egypt Arab Rep.,2009,9485.180355
805,Egypt Arab Rep.,2008,9159.315380
806,Egypt Arab Rep.,2007,8531.592455
807,Egypt Arab Rep.,2006,7895.792084
808,Egypt Arab Rep.,2005,7297.265761
809,Egypt Arab Rep.,2004,6890.970026
810,Egypt Arab Rep.,2003,6563.171063
811,Egypt Arab Rep.,2002,6353.465917
812,Egypt Arab Rep.,2001,6227.450846
813,Egypt Arab Rep.,2000,5989.663480
814,Eritrea,2011,1411.157638
815,Eritrea,2010,1299.289896
816,Eritrea,2009,1282.333846
817,Eritrea,2008,1250.467298
818,Eritrea,2007,1388.505250
819,Eritrea,2006,1365.039126
820,Eritrea,2005,1373.421270
821,Eritrea,2004,1337.520796
822,Eritrea,2003,1327.699789
823,Eritrea,2002,1386.625879
824,Eritrea,2001,1374.249997
825,Eritrea,2000,1277.345060
826,Spain,2015,34727.146510
827,Spain,2014,33687.895520
828,Spain,2013,32631.479900
829,Spain,2012,31986.500360
830,Spain,2011,32067.192450
831,Spain,2010,31984.155250
832,Spain,2009,32423.601740
833,Spain,2008,33463.114470
834,Spain,2007,32584.255380
835,Spain,2006,30832.970750
836,Spain,2005,27702.464310
837,Spain,2004,26198.583600
838,Spain,2003,25054.491490
839,Spain,2002,24363.014920
840,Spain,2001,22963.378420
841,Spain,2000,21517.329640
842,Estonia,2015,28987.758340
843,Estonia,2014,28568.496280
844,Estonia,2013,27459.331430
845,Estonia,2012,26022.465510
846,Estonia,2011,24543.061880
847,Estonia,2010,21623.445110
848,Estonia,2009,20523.346760
849,Estonia,2008,22664.038500
850,Estonia,2007,21955.656960
851,Estonia,2006,19269.075930
852,Estonia,2005,16516.150330
853,Estonia,2004,14429.623530
854,Estonia,2003,13063.921630
855,Estonia,2002,11590.601380
856,Estonia,2001,10326.421570
857,Estonia,2000,9414.013216
858,Ethiopia,2015,1628.923132
859,Ethiopia,2014,1507.202418
860,Ethiopia,2013,1376.760329
861,Ethiopia,2012,1256.682208
862,Ethiopia,2011,1165.216838
863,Ethiopia,2010,1053.796725
864,Ethiopia,2009,949.493897
865,Ethiopia,2008,889.267965
866,Ethiopia,2007,808.518986
867,Ethiopia,2006,725.960602
868,Ethiopia,2005,653.116051
869,Ethiopia,2004,581.837069
870,Ethiopia,2003,512.875394
871,Ethiopia,2002,528.859882
872,Ethiopia,2001,528.081544
873,Ethiopia,2000,490.727656
874,Finland,2015,42309.389270
875,Finland,2014,41548.471270
876,Finland,2013,41330.812970
877,Finland,2012,40620.176070
878,Finland,2011,40683.527580
879,Finland,2010,38812.318890
880,Finland,2009,37868.723410
881,Finland,2008,39969.387600
882,Finland,2007,37688.351920
883,Finland,2006,34382.795900
884,Finland,2005,31993.407260
885,Finland,2004,31140.140730
886,Finland,2003,28983.183880
887,Finland,2002,28567.171200
888,Finland,2001,27834.343690
889,Finland,2000,26732.306070
890,Fiji,2015,9323.198408
891,Fiji,2014,8793.966420
892,Fiji,2013,8248.546759
893,Fiji,2012,7707.562741
894,Fiji,2011,7486.748442
895,Fiji,2010,7203.348993
896,Fiji,2009,6977.909190
897,Fiji,2008,7094.677515
898,Fiji,2007,6956.996530
899,Fiji,2006,6895.412504
900,Fiji,2005,6612.723570
901,Fiji,2004,6388.986144
902,Fiji,2003,5917.543460
903,Fiji,2002,5750.991895
904,Fiji,2001,5498.361895
905,Fiji,2000,5289.881526
906,France,2015,41016.651500
907,France,2014,40151.813380
908,France,2013,39539.392350
909,France,2012,37645.310280
910,France,2011,37457.284290
911,France,2010,36026.982560
912,France,2009,34767.154260
913,France,2008,35156.382840
914,France,2007,34150.601700
915,France,2006,32543.361260
916,France,2005,30603.462400
917,France,2004,29169.456430
918,France,2003,28256.661670
919,France,2002,28639.394760
920,France,2001,27679.858370
921,France,2000,26192.653200
922,Micronesia Fed. Sts.,2015,3496.715225
923,Micronesia Fed. Sts.,2014,3347.052189
924,Micronesia Fed. Sts.,2013,3414.716961
925,Micronesia Fed. Sts.,2012,3491.347436
926,Micronesia Fed. Sts.,2011,3410.284084
927,Micronesia Fed. Sts.,2010,3269.641343
928,Micronesia Fed. Sts.,2009,3140.100390
929,Micronesia Fed. Sts.,2008,3071.641995
930,Micronesia Fed. Sts.,2007,3073.794899
931,Micronesia Fed. Sts.,2006,3039.720826
932,Micronesia Fed. Sts.,2005,2939.534421
933,Micronesia Fed. Sts.,2004,2777.808993
934,Micronesia Fed. Sts.,2003,2787.440989
935,Micronesia Fed. Sts.,2002,2679.749903
936,Micronesia Fed. Sts.,2001,2618.918312
937,Micronesia Fed. Sts.,2000,2510.505151
938,Gabon,2015,20081.027490
939,Gabon,2014,19526.554990
940,Gabon,2013,18805.493940
941,Gabon,2012,17919.064480
942,Gabon,2011,17100.700520
943,Gabon,2010,16004.054520
944,Gabon,2009,14993.926540
945,Gabon,2008,15310.989030
946,Gabon,2007,15884.175000
947,Gabon,2006,14976.128560
948,Gabon,2005,15418.572840
949,Gabon,2004,14699.893370
950,Gabon,2003,14525.785200
951,Gabon,2002,14241.024370
952,Gabon,2001,14381.525560
953,Gabon,2000,14090.046630
954,United Kingdom,2015,41801.049480
955,United Kingdom,2014,40745.187040
956,United Kingdom,2013,39052.033400
957,United Kingdom,2012,37477.802290
958,United Kingdom,2011,36456.002160
959,United Kingdom,2010,35740.737200
960,United Kingdom,2009,34402.961460
961,United Kingdom,2008,36068.093230
962,United Kingdom,2007,35151.340690
963,United Kingdom,2006,34332.301210
964,United Kingdom,2005,32274.763740
965,United Kingdom,2004,31617.612280
966,United Kingdom,2003,29898.235890
967,United Kingdom,2002,28630.367960
968,United Kingdom,2001,27358.971890
969,United Kingdom,2000,26030.728820
970,Georgia,2015,9599.482204
971,Georgia,2014,9216.324829
972,Georgia,2013,8541.812196
973,Georgia,2012,8026.507130
974,Georgia,2011,7315.090898
975,Georgia,2010,6597.568557
976,Georgia,2009,6054.189180
977,Georgia,2008,6163.757923
978,Georgia,2007,5833.183782
979,Georgia,2006,4991.617909
980,Georgia,2005,4370.338613
981,Georgia,2004,3813.189314
982,Georgia,2003,3460.150847
983,Georgia,2002,3015.447723
984,Georgia,2001,2796.855796
985,Georgia,2000,2590.318568
986,Ghana,2015,4210.498292
987,Ghana,2014,4101.928098
988,Ghana,2013,3967.467392
989,Ghana,2012,3726.643939
990,Ghana,2011,3430.857389
991,Ghana,2010,3021.484976
992,Ghana,2009,2837.014241
993,Ghana,2008,2754.883755
994,Ghana,2007,2539.986328
995,Ghana,2006,2433.306078
996,Ghana,2005,2277.113430
997,Ghana,2004,2138.098453
998,Ghana,2003,2022.458663
999,Ghana,2002,1934.169986
1000,Ghana,2001,1869.605841
1001,Ghana,2000,1801.414609
1002,Guinea,2015,1208.986093
1003,Guinea,2014,1227.342924
1004,Guinea,2013,1233.798236
1005,Guinea,2012,1219.547152
1006,Guinea,2011,1183.855846
1007,Guinea,2010,1147.084986
1008,Guinea,2009,1142.493636
1009,Guinea,2008,1168.519104
1010,Guinea,2007,1121.685385
1011,Guinea,2006,1101.311518
1012,Guinea,2005,1067.176894
1013,Guinea,2004,1025.484863
1014,Guinea,2003,994.469034
1015,Guinea,2002,980.677489
1016,Guinea,2001,934.675231
1017,Guinea,2000,897.286629
1018,Gambia The,2015,1679.684387
1019,Gambia The,2014,1638.588170
1020,Gambia The,2013,1648.182979
1021,Gambia The,2012,1599.179616
1022,Gambia The,2011,1532.494004
1023,Gambia The,2010,1621.431600
1024,Gambia The,2009,1553.394439
1025,Gambia The,2008,1495.875866
1026,Gambia The,2007,1432.975327
1027,Gambia The,2006,1391.004943
1028,Gambia The,2005,1378.258458
1029,Gambia The,2004,1392.266871
1030,Gambia The,2003,1307.373367
1031,Gambia The,2002,1238.551908
1032,Gambia The,2001,1301.171386
1033,Gambia The,2000,1239.855960
1034,Guinea-Bissau,2015,1455.803634
1035,Guinea-Bissau,2014,1407.823945
1036,Guinea-Bissau,2013,1382.083419
1037,Guinea-Bissau,2012,1382.504406
1038,Guinea-Bissau,2011,1416.311672
1039,Guinea-Bissau,2010,1299.725617
1040,Guinea-Bissau,2009,1258.321264
1041,Guinea-Bissau,2008,1236.320908
1042,Guinea-Bissau,2007,1200.969272
1043,Guinea-Bissau,2006,1158.335825
1044,Guinea-Bissau,2005,1122.331846
1045,Guinea-Bissau,2004,1065.418025
1046,Guinea-Bissau,2003,1030.710138
1047,Guinea-Bissau,2002,1026.335691
1048,Guinea-Bissau,2001,1042.697460
1049,Guinea-Bissau,2000,1019.007493
1050,Equatorial Guinea,2015,40718.829680
1051,Equatorial Guinea,2014,45218.097860
1052,Equatorial Guinea,2013,46061.322290
1053,Equatorial Guinea,2012,48710.704560
1054,Equatorial Guinea,2011,45500.226790
1055,Equatorial Guinea,2010,43124.983060
1056,Equatorial Guinea,2009,48205.192120
1057,Equatorial Guinea,2008,48647.682800
1058,Equatorial Guinea,2007,41745.170760
1059,Equatorial Guinea,2006,36369.471510
1060,Equatorial Guinea,2005,33800.347440
1061,Equatorial Guinea,2004,28958.756030
1062,Equatorial Guinea,2003,21099.464690
1063,Equatorial Guinea,2002,18764.641100
1064,Equatorial Guinea,2001,15995.750240
1065,Equatorial Guinea,2000,9898.934030
1066,Greece,2015,26379.263530
1067,Greece,2014,26453.919900
1068,Greece,2013,26121.457460
1069,Greece,2012,25284.464080
1070,Greece,2011,26141.319590
1071,Greece,2010,28202.833360
1072,Greece,2009,30396.431360
1073,Greece,2008,30856.011830
1074,Greece,2007,29280.439760
1075,Greece,2006,28535.923430
1076,Greece,2005,25577.524080
1077,Greece,2004,25455.248120
1078,Greece,2003,23868.733210
1079,Greece,2002,22615.935650
1080,Greece,2001,21011.659230
1081,Greece,2000,19503.879430
1082,Grenada,2015,13558.545220
1083,Grenada,2014,12684.196750
1084,Grenada,2013,11656.177870
1085,Grenada,2012,11252.556820
1086,Grenada,2011,11221.362340
1087,Grenada,2010,10951.884110
1088,Grenada,2009,10914.858280
1089,Grenada,2008,11640.416510
1090,Grenada,2007,11347.023950
1091,Grenada,2006,10445.518780
1092,Grenada,2005,10589.962450
1093,Grenada,2004,9083.555118
1094,Grenada,2003,8922.936652
1095,Grenada,2002,8013.328394
1096,Grenada,2001,7648.712433
1097,Grenada,2000,7649.969640
1098,Guatemala,2015,7722.430217
1099,Guatemala,2014,7485.844234
1100,Guatemala,2013,7205.590414
1101,Guatemala,2012,6981.506844
1102,Guatemala,2011,6798.842734
1103,Guatemala,2010,6532.757614
1104,Guatemala,2009,6410.637712
1105,Guatemala,2008,6468.713380
1106,Guatemala,2007,6280.308986
1107,Guatemala,2006,5885.934894
1108,Guatemala,2005,5544.964046
1109,Guatemala,2004,5326.040236
1110,Guatemala,2003,5146.756256
1111,Guatemala,2002,5042.345421
1112,Guatemala,2001,4899.196859
1113,Guatemala,2000,4796.211112
1114,Guyana,2015,7521.728758
1115,Guyana,2014,7254.695425
1116,Guyana,2013,6889.268372
1117,Guyana,2012,6465.612628
1118,Guyana,2011,6077.186038
1119,Guyana,2010,5666.104561
1120,Guyana,2009,5381.980363
1121,Guyana,2008,5188.181989
1122,Guyana,2007,5006.187119
1123,Guyana,2006,4568.370074
1124,Guyana,2005,4222.810265
1125,Guyana,2004,4174.702050
1126,Guyana,2003,3931.431099
1127,Guyana,2002,3890.723888
1128,Guyana,2001,3791.759291
1129,Guyana,2000,3630.312326
1130,Hong Kong SAR China,2015,56923.490540
1131,Hong Kong SAR China,2014,55463.740330
1132,Hong Kong SAR China,2013,53465.196410
1133,Hong Kong SAR China,2012,51274.035200
1134,Hong Kong SAR China,2011,50085.959330
1135,Hong Kong SAR China,2010,47134.574280
1136,Hong Kong SAR China,2009,43935.660670
1137,Hong Kong SAR China,2008,44800.217140
1138,Hong Kong SAR China,2007,43280.973290
1139,Hong Kong SAR China,2006,39940.875060
1140,Hong Kong SAR China,2005,36437.544160
1141,Hong Kong SAR China,2004,33016.888700
1142,Hong Kong SAR China,2003,29792.901000
1143,Hong Kong SAR China,2002,28288.245580
1144,Hong Kong SAR China,2001,27528.153200
1145,Hong Kong SAR China,2000,26962.674520
1146,Honduras,2015,5095.204056
1147,Honduras,2014,4933.042630
1148,Honduras,2013,4768.688973
1149,Honduras,2012,4632.095108
1150,Honduras,2011,4433.719310
1151,Honduras,2010,4249.093103
1152,Honduras,2009,4113.030501
1153,Honduras,2008,4255.012759
1154,Honduras,2007,4074.296097
1155,Honduras,2006,3804.977338
1156,Honduras,2005,3527.934934
1157,Honduras,2004,3283.477157
1158,Honduras,2003,3065.806785
1159,Honduras,2002,2931.453008
1160,Honduras,2001,2838.432976
1161,Honduras,2000,2757.106279
1162,Croatia,2015,22514.416590
1163,Croatia,2014,22002.480070
1164,Croatia,2013,21681.200410
1165,Croatia,2012,21133.112150
1166,Croatia,2011,20704.381770
1167,Croatia,2010,19205.361370
1168,Croatia,2009,19470.693850
1169,Croatia,2008,20246.919430
1170,Croatia,2007,18770.789420
1171,Croatia,2006,16934.678120
1172,Croatia,2005,14859.258520
1173,Croatia,2004,14097.610590
1174,Croatia,2003,13121.739410
1175,Croatia,2002,12283.750640
1176,Croatia,2001,11325.530790
1177,Croatia,2000,10746.624260
1178,Haiti,2015,1757.435678
1179,Haiti,2014,1740.956814
1180,Haiti,2013,1686.256720
1181,Haiti,2012,1614.085821
1182,Haiti,2011,1562.304129
1183,Haiti,2010,1471.648649
1184,Haiti,2009,1561.374256
1185,Haiti,2008,1526.153627
1186,Haiti,2007,1507.278187
1187,Haiti,2006,1442.973527
1188,Haiti,2005,1390.757027
1189,Haiti,2004,1344.445330
1190,Haiti,2003,1377.794314
1191,Haiti,2002,1367.566327
1192,Haiti,2001,1372.370556
1193,Haiti,2000,1378.691725
1194,Hungary,2015,26457.583450
1195,Hungary,2014,25516.847010
1196,Hungary,2013,24388.389590
1197,Hungary,2012,22997.744930
1198,Hungary,2011,22729.184470
1199,Hungary,2010,21466.574220
1200,Hungary,2009,20573.375900
1201,Hungary,2008,20586.089210
1202,Hungary,2007,18933.888430
1203,Hungary,2006,18230.035210
1204,Hungary,2005,17014.326720
1205,Hungary,2004,16198.916780
1206,Hungary,2003,15417.622890
1207,Hungary,2002,14516.153720
1208,Hungary,2001,13230.654510
1209,Hungary,2000,11843.462020
1210,Indonesia,2015,11057.560720
1211,Indonesia,2014,10566.952980
1212,Indonesia,2013,10009.860240
1213,Indonesia,2012,9453.698228
1214,Indonesia,2011,8870.284189
1215,Indonesia,2010,8294.054350
1216,Indonesia,2009,7815.707130
1217,Indonesia,2008,7511.417369
1218,Indonesia,2007,7040.669790
1219,Indonesia,2006,6534.274160
1220,Indonesia,2005,6088.879231
1221,Indonesia,2004,5655.993914
1222,Indonesia,2003,5311.400764
1223,Indonesia,2002,5037.167516
1224,Indonesia,2001,4812.061278
1225,Indonesia,2000,4601.849359
1226,India,2015,6104.576245
1227,India,2014,5663.729107
1228,India,2013,5255.475588
1229,India,2012,4915.572431
1230,India,2011,4634.945162
1231,India,2010,4315.439627
1232,India,2009,3920.160158
1233,India,2008,3637.755830
1234,India,2007,3484.756210
1235,India,2006,3172.707329
1236,India,2005,2860.885701
1237,India,2004,2576.537621
1238,India,2003,2361.334849
1239,India,2002,2182.244557
1240,India,2001,2105.841013
1241,India,2000,1998.488658
1242,Ireland,2015,68513.974070
1243,Ireland,2014,51310.984170
1244,Ireland,2013,48353.679060
1245,Ireland,2012,46552.979250
1246,Ireland,2011,45477.010460
1247,Ireland,2010,43221.459790
1248,Ireland,2009,41567.211340
1249,Ireland,2008,44264.429880
1250,Ireland,2007,46763.042030
1251,Ireland,2006,44246.445710
1252,Ireland,2005,40444.612740
1253,Ireland,2004,38696.591480
1254,Ireland,2003,36235.847900
1255,Ireland,2002,35209.844820
1256,Ireland,2001,32615.932460
1257,Ireland,2000,30155.268930
1258,Iran Islamic Rep.,2014,17388.430940
1259,Iran Islamic Rep.,2013,16581.850580
1260,Iran Islamic Rep.,2012,16853.782820
1261,Iran Islamic Rep.,2011,17949.244420
1262,Iran Islamic Rep.,2010,17163.079270
1263,Iran Islamic Rep.,2009,16100.891510
1264,Iran Islamic Rep.,2008,15798.964590
1265,Iran Islamic Rep.,2007,15526.555840
1266,Iran Islamic Rep.,2006,14016.400340
1267,Iran Islamic Rep.,2005,13011.737860
1268,Iran Islamic Rep.,2004,12236.625440
1269,Iran Islamic Rep.,2003,11547.403720
1270,Iran Islamic Rep.,2002,10548.377950
1271,Iran Islamic Rep.,2001,9739.503969
1272,Iran Islamic Rep.,2000,9435.981839
1273,Iraq,2015,15394.768750
1274,Iraq,2014,15266.470910
1275,Iraq,2013,15501.327540
1276,Iraq,2012,14813.564910
1277,Iraq,2011,13203.047800
1278,Iraq,2010,12417.769670
1279,Iraq,2009,11875.014180
1280,Iraq,2008,11715.847060
1281,Iraq,2007,10893.209800
1282,Iraq,2006,10733.445050
1283,Iraq,2005,9697.903736
1284,Iraq,2004,9237.933315
1285,Iraq,2003,5989.182462
1286,Iraq,2002,9019.144263
1287,Iraq,2001,9810.552687
1288,Iraq,2000,9647.867025
1289,Iceland,2015,47717.237420
1290,Iceland,2014,44331.326500
1291,Iceland,2013,42669.540200
1292,Iceland,2012,40486.937820
1293,Iceland,2011,39465.845940
1294,Iceland,2010,38410.669300
1295,Iceland,2009,41063.732400
1296,Iceland,2008,42677.535360
1297,Iceland,2007,40723.444130
1298,Iceland,2006,38722.998580
1299,Iceland,2005,36964.527680
1300,Iceland,2004,35294.705830
1301,Iceland,2003,32303.165780
1302,Iceland,2002,32191.569600
1303,Iceland,2001,31617.998960
1304,Iceland,2000,29497.911230
1305,Israel,2015,36575.941650
1306,Israel,2014,34956.829130
1307,Israel,2013,34255.972540
1308,Israel,2012,31750.630010
1309,Israel,2011,30528.747720
1310,Israel,2010,28856.102740
1311,Israel,2009,27578.429110
1312,Israel,2008,27516.229920
1313,Israel,2007,27623.893330
1314,Israel,2006,25775.114250
1315,Israel,2005,24885.218490
1316,Israel,2004,25222.885430
1317,Israel,2003,23788.008870
1318,Israel,2002,25218.396250
1319,Israel,2001,24948.619900
1320,Israel,2000,24941.919390
1321,Italy,2015,37217.384330
1322,Italy,2014,36293.803180
1323,Italy,2013,36163.748810
1324,Italy,2012,36237.109640
1325,Italy,2011,36347.343350
1326,Italy,2010,35075.753200
1327,Italy,2009,34549.276090
1328,Italy,2008,35402.917550
1329,Italy,2007,33983.151820
1330,Italy,2006,32350.577840
1331,Italy,2005,30051.772520
1332,Italy,2004,29468.159370
1333,Italy,2003,29079.550620
1334,Italy,2002,28641.558920
1335,Italy,2001,27996.731180
1336,Italy,2000,27006.397720
1337,Jamaica,2015,8872.907305
1338,Jamaica,2014,8723.178661
1339,Jamaica,2013,8541.585957
1340,Jamaica,2012,8394.735755
1341,Jamaica,2011,8326.450416
1342,Jamaica,2010,8051.846149
1343,Jamaica,2009,8107.827522
1344,Jamaica,2008,8449.018008
1345,Jamaica,2007,8393.716919
1346,Jamaica,2006,8100.116630
1347,Jamaica,2005,7675.924621
1348,Jamaica,2004,7409.049796
1349,Jamaica,2003,7154.770854
1350,Jamaica,2002,6805.439747
1351,Jamaica,2001,6612.594492
1352,Jamaica,2000,6424.186639
1353,Jordan,2015,10902.473250
1354,Jordan,2014,10788.923010
1355,Jordan,2013,10567.606450
1356,Jordan,2012,10432.175100
1357,Jordan,2011,10324.446690
1358,Jordan,2010,10229.917510
1359,Jordan,2009,10271.318610
1360,Jordan,2008,10077.615230
1361,Jordan,2007,9618.181469
1362,Jordan,2006,9019.720151
1363,Jordan,2005,8395.072853
1364,Jordan,2004,7754.094946
1365,Jordan,2003,7129.321426
1366,Jordan,2002,6851.293727
1367,Jordan,2001,6494.909685
1368,Jordan,2000,6136.918220
1369,Japan,2015,40763.403700
1370,Japan,2014,39449.442600
1371,Japan,2013,39023.071700
1372,Japan,2012,37211.069220
1373,Japan,2011,35779.097410
1374,Japan,2010,34996.324460
1375,Japan,2009,33099.270360
1376,Japan,2008,34798.765900
1377,Japan,2007,34529.133360
1378,Japan,2006,33057.589610
1379,Japan,2005,31663.453100
1380,Japan,2004,30382.789170
1381,Japan,2003,28867.922780
1382,Japan,2002,28160.107610
1383,Japan,2001,27476.915530
1384,Japan,2000,26795.207430
1385,Kazakhstan,2015,25044.878010
1386,Kazakhstan,2014,24845.454140
1387,Kazakhstan,2013,23773.819330
1388,Kazakhstan,2012,22392.203670
1389,Kazakhstan,2011,21277.706370
1390,Kazakhstan,2010,19690.384970
1391,Kazakhstan,2009,18387.201910
1392,Kazakhstan,2008,18513.925410
1393,Kazakhstan,2007,17793.147880
1394,Kazakhstan,2006,16098.510910
1395,Kazakhstan,2005,14259.018700
1396,Kazakhstan,2004,12705.433850
1397,Kazakhstan,2003,11360.993330
1398,Kazakhstan,2002,10225.445900
1399,Kazakhstan,2001,9172.369178
1400,Kazakhstan,2000,7887.892984
1401,Kenya,2015,3088.794229
1402,Kenya,2014,2969.023249
1403,Kenya,2013,2843.351205
1404,Kenya,2012,2718.986459
1405,Kenya,2011,2622.730169
1406,Kenya,2010,2487.224552
1407,Kenya,2009,2327.843369
1408,Kenya,2008,2296.312423
1409,Kenya,2007,2306.866250
1410,Kenya,2006,2158.893935
1411,Kenya,2005,2019.359786
1412,Kenya,2004,1896.195018
1413,Kenya,2003,1802.214527
1414,Kenya,2002,1761.750776
1415,Kenya,2001,1770.558985
1416,Kenya,2000,1710.876774
1417,Kyrgyz Republic,2015,3433.680163
1418,Kyrgyz Republic,2014,3351.528671
1419,Kyrgyz Republic,2013,3229.349349
1420,Kyrgyz Republic,2012,2922.702873
1421,Kyrgyz Republic,2011,2920.603210
1422,Kyrgyz Republic,2010,2733.729337
1423,Kyrgyz Republic,2009,2746.102655
1424,Kyrgyz Republic,2008,2681.122187
1425,Kyrgyz Republic,2007,2448.899199
1426,Kyrgyz Republic,2006,2218.727934
1427,Kyrgyz Republic,2005,2110.377936
1428,Kyrgyz Republic,2004,2071.417492
1429,Kyrgyz Republic,2003,1906.556261
1430,Kyrgyz Republic,2002,1764.905161
1431,Kyrgyz Republic,2001,1754.554341
1432,Kyrgyz Republic,2000,1644.311975
1433,Cambodia,2015,3490.419028
1434,Cambodia,2014,3278.832085
1435,Cambodia,2013,3058.214429
1436,Cambodia,2012,2846.657445
1437,Cambodia,2011,2648.650018
1438,Cambodia,2010,2462.452790
1439,Cambodia,2009,2331.425309
1440,Cambodia,2008,2346.803965
1441,Cambodia,2007,2189.504168
1442,Cambodia,2006,1964.211764
1443,Cambodia,2005,1746.878825
1444,Cambodia,2004,1518.086216
1445,Cambodia,2003,1360.912011
1446,Cambodia,2002,1250.965446
1447,Cambodia,2001,1176.442768
1448,Cambodia,2000,1086.559430
1449,Kiribati,2015,1994.767601
1450,Kiribati,2014,1940.561684
1451,Kiribati,2013,1894.621967
1452,Kiribati,2012,1794.400591
1453,Kiribati,2011,1706.383125
1454,Kiribati,2010,1696.578084
1455,Kiribati,2009,1738.760095
1456,Kiribati,2008,1757.886156
1457,Kiribati,2007,1795.309772
1458,Kiribati,2006,1748.357037
1459,Kiribati,2005,1759.482030
1460,Kiribati,2004,1656.209922
1461,Kiribati,2003,1669.056465
1462,Kiribati,2002,1632.689646
1463,Kiribati,2001,1576.121796
1464,Kiribati,2000,1590.908787
1465,St. Kitts and Nevis,2015,25088.160600
1466,St. Kitts and Nevis,2014,24194.392390
1467,St. Kitts and Nevis,2013,22696.875410
1468,St. Kitts and Nevis,2012,21283.373060
1469,St. Kitts and Nevis,2011,21283.330270
1470,St. Kitts and Nevis,2010,20615.599090
1471,St. Kitts and Nevis,2009,21091.284970
1472,St. Kitts and Nevis,2008,21847.776480
1473,St. Kitts and Nevis,2007,20409.926610
1474,St. Kitts and Nevis,2006,20169.982530
1475,St. Kitts and Nevis,2005,18736.494710
1476,St. Kitts and Nevis,2004,16859.475260
1477,St. Kitts and Nevis,2003,15930.362750
1478,St. Kitts and Nevis,2002,16282.167400
1479,St. Kitts and Nevis,2001,15991.455670
1480,St. Kitts and Nevis,2000,15113.470070
1481,Korea Rep.,2015,34647.074780
1482,Korea Rep.,2014,33856.578830
1483,Korea Rep.,2013,32816.158890
1484,Korea Rep.,2012,32222.593940
1485,Korea Rep.,2011,31327.126900
1486,Korea Rep.,2010,30465.245050
1487,Korea Rep.,2009,28392.756360
1488,Korea Rep.,2008,28718.044840
1489,Korea Rep.,2007,27872.088370
1490,Korea Rep.,2006,25863.219490
1491,Korea Rep.,2005,24219.788860
1492,Korea Rep.,2004,22967.812860
1493,Korea Rep.,2003,21389.246070
1494,Korea Rep.,2002,20784.945600
1495,Korea Rep.,2001,19189.569370
1496,Korea Rep.,2000,18083.081260
1497,Kuwait,2015,74645.482460
1498,Kuwait,2014,75197.029290
1499,Kuwait,2013,76767.890730
1500,Kuwait,2012,78492.396850
1501,Kuwait,2011,76308.590710
1502,Kuwait,2010,72204.381300
1503,Kuwait,2009,77582.149300
1504,Kuwait,2008,88250.002890
1505,Kuwait,2007,90003.763510
1506,Kuwait,2006,87875.563330
1507,Kuwait,2005,83703.236670
1508,Kuwait,2004,76978.407090
1509,Kuwait,2003,69909.196380
1510,Kuwait,2002,59961.951170
1511,Kuwait,2001,58839.071360
1512,Kuwait,2000,58904.024520
1513,Lao PDR,2015,5691.257819
1514,Lao PDR,2014,5333.525388
1515,Lao PDR,2013,4954.368504
1516,Lao PDR,2012,4568.912673
1517,Lao PDR,2011,4222.178629
1518,Lao PDR,2010,3894.025214
1519,Lao PDR,2009,3606.646476
1520,Lao PDR,2008,3389.004053
1521,Lao PDR,2007,3137.505366
1522,Lao PDR,2006,2889.424996
1523,Lao PDR,2005,2622.999124
1524,Lao PDR,2004,2408.704086
1525,Lao PDR,2003,2235.675887
1526,Lao PDR,2002,2095.380299
1527,Lao PDR,2001,1976.265761
1528,Lao PDR,2000,1855.126727
1529,Lebanon,2015,13936.258290
1530,Lebanon,2014,14189.757260
1531,Lebanon,2013,14535.741000
1532,Lebanon,2012,15221.446860
1533,Lebanon,2011,15683.583320
1534,Lebanon,2010,15951.901360
1535,Lebanon,2009,15139.917980
1536,Lebanon,2008,13862.013570
1537,Lebanon,2007,12531.430130
1538,Lebanon,2006,11240.997800
1539,Lebanon,2005,10927.813320
1540,Lebanon,2004,10635.276050
1541,Lebanon,2003,10199.933410
1542,Lebanon,2002,10179.549850
1543,Lebanon,2001,10164.788250
1544,Lebanon,2000,9936.071581
1545,Liberia,2015,835.366935
1546,Liberia,2014,846.567033
1547,Liberia,2013,845.671836
1548,Liberia,2012,784.512357
1549,Liberia,2011,732.633007
1550,Liberia,2010,683.792126
1551,Liberia,2009,659.443924
1552,Liberia,2008,646.698501
1553,Liberia,2007,617.233709
1554,Liberia,2006,571.199231
1555,Liberia,2005,530.961092
1556,Liberia,2004,501.664453
1557,Liberia,2003,484.972344
1558,Liberia,2002,692.555069
1559,Liberia,2001,673.111302
1560,Liberia,2000,663.065055
1561,Libya,2011,11023.437140
1562,Libya,2010,28583.466000
1563,Libya,2009,27135.356540
1564,Libya,2008,27525.070350
1565,Libya,2007,26753.947410
1566,Libya,2006,24962.805400
1567,Libya,2005,23154.432190
1568,Libya,2004,20397.964710
1569,Libya,2003,19322.865120
1570,Libya,2002,17039.093320
1571,Libya,2001,17224.988890
1572,Libya,2000,17435.831550
1573,St. Lucia,2015,10944.334130
1574,St. Lucia,2014,10655.139780
1575,St. Lucia,2013,10498.772260
1576,St. Lucia,2012,10406.226580
1577,St. Lucia,2011,10461.425120
1578,St. Lucia,2010,10333.854090
1579,St. Lucia,2009,10516.051230
1580,St. Lucia,2008,10623.911230
1581,St. Lucia,2007,10153.560440
1582,St. Lucia,2006,10054.883280
1583,St. Lucia,2005,9136.551459
1584,St. Lucia,2004,9028.111906
1585,St. Lucia,2003,8204.545673
1586,St. Lucia,2002,7751.139145
1587,St. Lucia,2001,7705.898848
1588,St. Lucia,2000,7869.959244
1589,Sri Lanka,2015,11762.777580
1590,Sri Lanka,2014,11210.297990
1591,Sri Lanka,2013,10595.712910
1592,Sri Lanka,2012,10163.858710
1593,Sri Lanka,2011,9213.320943
1594,Sri Lanka,2010,8389.990393
1595,Sri Lanka,2009,7731.668695
1596,Sri Lanka,2008,7467.591882
1597,Sri Lanka,2007,6964.986319
1598,Sri Lanka,2006,6400.816758
1599,Sri Lanka,2005,5811.505852
1600,Sri Lanka,2004,5339.521248
1601,Sri Lanka,2003,4965.727538
1602,Sri Lanka,2002,4630.592430
1603,Sri Lanka,2001,4419.803392
1604,Sri Lanka,2000,4422.564855
1605,Lesotho,2015,2949.513387
1606,Lesotho,2014,2906.987276
1607,Lesotho,2013,2766.061215
1608,Lesotho,2012,2701.592107
1609,Lesotho,2011,2545.397552
1610,Lesotho,2010,2356.656157
1611,Lesotho,2009,2213.516069
1612,Lesotho,2008,2170.050586
1613,Lesotho,2007,2010.914252
1614,Lesotho,2006,1895.367466
1615,Lesotho,2005,1775.318625
1616,Lesotho,2004,1682.406153
1617,Lesotho,2003,1620.257161
1618,Lesotho,2002,1521.941336
1619,Lesotho,2001,1487.722587
1620,Lesotho,2000,1411.272430
1621,Lithuania,2015,28936.206260
1622,Lithuania,2014,28179.281320
1623,Lithuania,2013,26717.182730
1624,Lithuania,2012,24657.983150
1625,Lithuania,2011,22854.268120
1626,Lithuania,2010,20129.653790
1627,Lithuania,2009,18164.495880
1628,Lithuania,2008,20744.011640
1629,Lithuania,2007,19087.994270
1630,Lithuania,2006,16493.950220
1631,Lithuania,2005,14526.047380
1632,Lithuania,2004,13040.721830
1633,Lithuania,2003,12066.931230
1634,Lithuania,2002,10494.363250
1635,Lithuania,2001,9473.287000
1636,Lithuania,2000,8451.123731
1637,Luxembourg,2015,102051.680300
1638,Luxembourg,2014,100497.838000
1639,Luxembourg,2013,95374.686310
1640,Luxembourg,2012,91191.932960
1641,Luxembourg,2011,91348.002060
1642,Luxembourg,2010,85285.409500
1643,Luxembourg,2009,80784.521720
1644,Luxembourg,2008,85599.931150
1645,Luxembourg,2007,83016.737050
1646,Luxembourg,2006,77075.434130
1647,Luxembourg,2005,67544.134500
1648,Luxembourg,2004,63465.930090
1649,Luxembourg,2003,59323.981730
1650,Luxembourg,2002,58005.761200
1651,Luxembourg,2001,55442.864720
1652,Luxembourg,2000,55597.137670
1653,Latvia,2015,24899.184570
1654,Latvia,2014,23884.129170
1655,Latvia,2013,22684.467280
1656,Latvia,2012,21216.796330
1657,Latvia,2011,19740.792260
1658,Latvia,2010,17592.572570
1659,Latvia,2009,16889.120740
1660,Latvia,2008,19432.179010
1661,Latvia,2007,18122.121150
1662,Latvia,2006,15761.572900
1663,Latvia,2005,13847.569790
1664,Latvia,2004,12223.072900
1665,Latvia,2003,11025.934110
1666,Latvia,2002,10070.033270
1667,Latvia,2001,9055.866418
1668,Latvia,2000,8013.112940
1669,Macao SAR China,2015,111496.629400
1670,Macao SAR China,2014,140813.518000
1671,Macao SAR China,2013,141947.025200
1672,Macao SAR China,2012,127938.918700
1673,Macao SAR China,2011,117340.970800
1674,Macao SAR China,2010,96619.844400
1675,Macao SAR China,2009,78134.582880
1676,Macao SAR China,2008,78666.565910
1677,Macao SAR China,2007,76777.764020
1678,Macao SAR China,2006,67157.307920
1679,Macao SAR China,2005,58922.097490
1680,Macao SAR China,2004,53929.953000
1681,Macao SAR China,2003,42126.842350
1682,Macao SAR China,2002,37539.928240
1683,Macao SAR China,2001,34407.773260
1684,Macao SAR China,2000,29550.149020
1685,Morocco,2015,7841.484355
1686,Morocco,2014,7524.045167
1687,Morocco,2013,7309.586314
1688,Morocco,2012,6979.899079
1689,Morocco,2011,6746.899456
1690,Morocco,2010,6365.189662
1691,Morocco,2009,6133.763743
1692,Morocco,2008,5909.277886
1693,Morocco,2007,5533.290467
1694,Morocco,2006,5262.520000
1695,Morocco,2005,4796.499521
1696,Morocco,2004,4545.539605
1697,Morocco,2003,4264.271943
1698,Morocco,2002,3985.802655
1699,Morocco,2001,3846.516371
1700,Morocco,2000,3542.766114
1701,Moldova,2015,5048.967871
1702,Moldova,2014,5017.093636
1703,Moldova,2013,4700.234439
1704,Moldova,2012,4226.959198
1705,Moldova,2011,4179.214809
1706,Moldova,2010,3831.749187
1707,Moldova,2009,3531.032976
1708,Moldova,2008,3723.402213
1709,Moldova,2007,3381.098617
1710,Moldova,2006,3190.121573
1711,Moldova,2005,2945.080151
1712,Moldova,2004,2647.756644
1713,Moldova,2003,2393.417558
1714,Moldova,2002,2195.146220
1715,Moldova,2001,2000.887403
1716,Moldova,2000,1839.712736
1717,Madagascar,2015,1465.344818
1718,Madagascar,2014,1446.390247
1719,Madagascar,2013,1414.171537
1720,Madagascar,2012,1399.513945
1721,Madagascar,2011,1371.648575
1722,Madagascar,2010,1362.298772
1723,Madagascar,2009,1380.565922
1724,Madagascar,2008,1468.210299
1725,Madagascar,2007,1382.710545
1726,Madagascar,2006,1304.444605
1727,Madagascar,2005,1240.334971
1728,Madagascar,2004,1182.875723
1729,Madagascar,2003,1126.581534
1730,Madagascar,2002,1036.723372
1731,Madagascar,2001,1205.262299
1732,Madagascar,2000,1146.177794
1733,Maldives,2015,12770.271320
1734,Maldives,2014,12534.709630
1735,Maldives,2013,11853.990480
1736,Maldives,2012,11373.462960
1737,Maldives,2011,11126.945590
1738,Maldives,2010,10301.705750
1739,Maldives,2009,9681.450619
1740,Maldives,2008,10092.705510
1741,Maldives,2007,9112.530361
1742,Maldives,2006,8443.880725
1743,Maldives,2005,7088.648653
1744,Maldives,2004,7690.620625
1745,Maldives,2003,6788.425933
1746,Maldives,2002,5947.220482
1747,Maldives,2001,5652.745271
1748,Mexico,2015,16988.383000
1749,Mexico,2014,17205.591440
1750,Mexico,2013,16527.642010
1751,Mexico,2012,16289.565280
1752,Mexico,2011,15754.197170
1753,Mexico,2010,14603.167860
1754,Mexico,2009,13934.156770
1755,Mexico,2008,14272.194940
1756,Mexico,2007,13717.460460
1757,Mexico,2006,13144.182870
1758,Mexico,2005,12070.896090
1759,Mexico,2004,11198.548570
1760,Mexico,2003,10588.344850
1761,Mexico,2002,10348.615580
1762,Mexico,2001,10301.618030
1763,Mexico,2000,10318.532010
1764,Marshall Islands,2015,3910.915398
1765,Marshall Islands,2014,3851.797232
1766,Marshall Islands,2013,3828.434906
1767,Marshall Islands,2012,3689.353260
1768,Marshall Islands,2011,3501.487050
1769,Marshall Islands,2010,3381.346046
1770,Marshall Islands,2009,3144.913209
1771,Marshall Islands,2008,3181.575664
1772,Marshall Islands,2007,3177.432208
1773,Marshall Islands,2006,2992.032988
1774,Marshall Islands,2005,2849.270478
1775,Marshall Islands,2004,2685.737648
1776,Marshall Islands,2003,2613.255579
1777,Marshall Islands,2002,2555.557193
1778,Marshall Islands,2001,2451.677719
1779,Marshall Islands,2000,2276.036208
1780,Macedonia FYR,2015,14076.483130
1781,Macedonia FYR,2014,13476.983120
1782,Macedonia FYR,2013,12686.555050
1783,Macedonia FYR,2012,11868.352230
1784,Macedonia FYR,2011,11648.299600
1785,Macedonia FYR,2010,11341.031180
1786,Macedonia FYR,2009,10979.367470
1787,Macedonia FYR,2008,10479.050760
1788,Macedonia FYR,2007,9302.411926
1789,Macedonia FYR,2006,8656.056720
1790,Macedonia FYR,2005,7825.705501
1791,Macedonia FYR,2004,7149.815766
1792,Macedonia FYR,2003,6564.427474
1793,Macedonia FYR,2002,6368.232266
1794,Macedonia FYR,2001,6106.226221
1795,Macedonia FYR,2000,6191.617251
1796,Mali,2015,2028.157518
1797,Mali,2014,1950.588240
1798,Mali,2013,1843.482217
1799,Mali,2012,1826.135914
1800,Mali,2011,1862.940401
1801,Mali,2010,1822.967574
1802,Mali,2009,1763.445030
1803,Mali,2008,1727.307207
1804,Mali,2007,1671.442481
1805,Mali,2006,1626.255578
1806,Mali,2005,1557.653315
1807,Mali,2004,1462.690680
1808,Mali,2003,1446.435700
1809,Mali,2002,1340.200972
1810,Mali,2001,1319.212046
1811,Mali,2000,1151.234785
1812,Malta,2015,33995.183300
1813,Malta,2014,32488.633370
1814,Malta,2013,31405.337290
1815,Malta,2012,29645.160000
1816,Malta,2011,28765.294360
1817,Malta,2010,27862.776160
1818,Malta,2009,26166.386740
1819,Malta,2008,26192.991410
1820,Malta,2007,24883.519750
1821,Malta,2006,23237.182260
1822,Malta,2005,22232.458220
1823,Malta,2004,21416.301570
1824,Malta,2003,20936.341570
1825,Malta,2002,20561.704810
1826,Malta,2001,19666.274160
1827,Malta,2000,19410.805720
1828,Myanmar,2015,5249.744742
1829,Myanmar,2014,4882.445329
1830,Myanmar,2013,4479.631121
1831,Myanmar,2012,4099.892640
1832,Myanmar,2011,3780.817680
1833,Myanmar,2010,3534.787519
1834,Myanmar,2009,3207.781083
1835,Myanmar,2008,2898.957431
1836,Myanmar,2007,2595.574306
1837,Myanmar,2006,2272.961717
1838,Myanmar,2005,1964.670684
1839,Myanmar,2004,1689.595492
1840,Myanmar,2003,1460.658449
1841,Myanmar,2002,1269.887222
1842,Myanmar,2001,1127.880536
1843,Myanmar,2000,1001.325192
1844,Montenegro,2015,16050.164310
1845,Montenegro,2014,15410.072650
1846,Montenegro,2013,14883.667340
1847,Montenegro,2012,13863.939800
1848,Montenegro,2011,14472.443460
1849,Montenegro,2010,13661.312940
1850,Montenegro,2009,12981.905910
1851,Montenegro,2008,13737.663330
1852,Montenegro,2007,12402.385820
1853,Montenegro,2006,10354.447160
1854,Montenegro,2005,8313.642308
1855,Montenegro,2004,7840.786609
1856,Montenegro,2003,7332.150657
1857,Montenegro,2002,7098.965769
1858,Montenegro,2001,6788.593417
1859,Montenegro,2000,5998.015356
1860,Mongolia,2015,12220.781340
1861,Mongolia,2014,12012.236910
1862,Mongolia,2013,11132.390950
1863,Mongolia,2012,9990.038049
1864,Mongolia,2011,8889.345538
1865,Mongolia,2010,7552.646083
1866,Mongolia,2009,7128.216004
1867,Mongolia,2008,7274.126952
1868,Mongolia,2007,6644.318275
1869,Mongolia,2006,5949.151420
1870,Mongolia,2005,5384.320930
1871,Mongolia,2004,4921.782863
1872,Mongolia,2003,4378.350592
1873,Mongolia,2002,4053.677655
1874,Mongolia,2001,3849.422652
1875,Mongolia,2000,3689.700412
1876,Mozambique,2015,1192.175329
1877,Mozambique,2014,1137.316783
1878,Mozambique,2013,1069.336403
1879,Mozambique,2012,1010.221252
1880,Mozambique,2011,951.825364
1881,Mozambique,2010,895.499664
1882,Mozambique,2009,852.859303
1883,Mozambique,2008,818.480473
1884,Mozambique,2007,772.425771
1885,Mozambique,2006,720.423966
1886,Mozambique,2005,654.677939
1887,Mozambique,2004,600.549264
1888,Mozambique,2003,558.307998
1889,Mozambique,2002,529.382158
1890,Mozambique,2001,493.422209
1891,Mozambique,2000,440.352584
1892,Mauritania,2014,3890.761881
1893,Mauritania,2013,3759.861442
1894,Mauritania,2012,3575.986354
1895,Mauritania,2011,3403.534526
1896,Mauritania,2010,3266.294626
1897,Mauritania,2009,3158.549257
1898,Mauritania,2008,3248.813181
1899,Mauritania,2007,3233.971400
1900,Mauritania,2006,3145.575979
1901,Mauritania,2005,2638.741454
1902,Mauritania,2004,2414.338631
1903,Mauritania,2003,2289.393079
1904,Mauritania,2002,2184.104606
1905,Mauritania,2001,2204.245271
1906,Mauritania,2000,2178.985893
1907,Mauritius,2015,20085.170900
1908,Mauritius,2014,19230.657520
1909,Mauritius,2013,18243.512780
1910,Mauritius,2012,17408.188710
1911,Mauritius,2011,16561.770980
1912,Mauritius,2010,15616.006840
1913,Mauritius,2009,14815.807990
1914,Mauritius,2008,14270.169450
1915,Mauritius,2007,13328.340860
1916,Mauritius,2006,12335.635490
1917,Mauritius,2005,11078.027240
1918,Mauritius,2004,10664.042770
1919,Mauritius,2003,9876.469131
1920,Mauritius,2002,9409.610271
1921,Mauritius,2001,9138.775496
1922,Mauritius,2000,8780.062693
1923,Malawi,2015,1183.605235
1924,Malawi,2014,1174.289937
1925,Malawi,2013,1125.476712
1926,Malawi,2012,1085.679000
1927,Malawi,2011,1078.855647
1928,Malawi,2010,1039.289519
1929,Malawi,2009,990.261362
1930,Malawi,2008,934.931531
1931,Malawi,2007,877.505100
1932,Malawi,2006,802.845744
1933,Malawi,2005,765.223711
1934,Malawi,2004,737.588398
1935,Malawi,2003,698.800774
1936,Malawi,2002,664.747476
1937,Malawi,2001,660.385502
1938,Malawi,2000,697.600804
1939,Malaysia,2015,26950.335320
1940,Malaysia,2014,25765.758520
1941,Malaysia,2013,24230.862460
1942,Malaysia,2012,23124.864660
1943,Malaysia,2011,21866.340750
1944,Malaysia,2010,20675.017470
1945,Malaysia,2009,19409.159790
1946,Malaysia,2008,20098.881950
1947,Malaysia,2007,19412.049230
1948,Malaysia,2006,17587.375310
1949,Malaysia,2005,16453.120600
1950,Malaysia,2004,15410.544720
1951,Malaysia,2003,14306.640220
1952,Malaysia,2002,13513.412430
1953,Malaysia,2001,12882.246420
1954,Malaysia,2000,12797.966130
1955,Niger,2015,955.483324
1956,Niger,2014,949.908768
1957,Niger,2013,907.588638
1958,Niger,2012,883.251377
1959,Niger,2011,807.193021
1960,Niger,2010,804.051029
1961,Niger,2009,761.990923
1962,Niger,2008,791.317901
1963,Niger,2007,735.371589
1964,Niger,2006,720.859443
1965,Niger,2005,686.036867
1966,Niger,2004,659.982067
1967,Niger,2003,665.717489
1968,Niger,2002,642.985966
1969,Niger,2001,637.727818
1970,Niger,2000,603.828250
1971,Nigeria,2015,6003.890071
1972,Nigeria,2014,5940.570145
1973,Nigeria,2013,5637.712125
1974,Nigeria,2012,5407.323956
1975,Nigeria,2011,5230.598854
1976,Nigeria,2010,5019.186061
1977,Nigeria,2009,4723.091456
1978,Nigeria,2008,4502.205379
1979,Nigeria,2007,4266.961628
1980,Nigeria,2006,3994.771889
1981,Nigeria,2005,3676.707500
1982,Nigeria,2004,3534.047139
1983,Nigeria,2003,2638.800223
1984,Nigeria,2002,2404.958884
1985,Nigeria,2001,2340.745918
1986,Nigeria,2000,2247.885030
1987,Nicaragua,2015,5200.299685
1988,Nicaragua,2014,4958.803296
1989,Nicaragua,2013,4712.389033
1990,Nicaragua,2012,4488.174510
1991,Nicaragua,2011,4223.427239
1992,Nicaragua,2010,3942.822620
1993,Nicaragua,2009,3822.164429
1994,Nicaragua,2008,3951.247180
1995,Nicaragua,2007,3817.186363
1996,Nicaragua,2006,3578.083708
1997,Nicaragua,2005,3376.965430
1998,Nicaragua,2004,3178.479409
1999,Nicaragua,2003,2975.956176
2000,Nicaragua,2002,2884.081324
2001,Nicaragua,2001,2858.455737
2002,Nicaragua,2000,2754.333031
2003,Netherlands,2015,49587.005190
2004,Netherlands,2014,49055.383200
2005,Netherlands,2013,48710.318900
2006,Netherlands,2012,46707.269710
2007,Netherlands,2011,46066.652410
2008,Netherlands,2010,44585.526230
2009,Netherlands,2009,44090.325190
2010,Netherlands,2008,45843.892230
2011,Netherlands,2007,43462.049050
2012,Netherlands,2006,40620.759650
2013,Netherlands,2005,37265.345090
2014,Netherlands,2004,35440.763320
2015,Netherlands,2003,33701.440310
2016,Netherlands,2002,33991.059290
2017,Netherlands,2001,32912.257990
2018,Netherlands,2000,31572.678030
2019,Norway,2015,62083.862570
2020,Norway,2014,65713.510460
2021,Norway,2013,67019.813430
2022,Norway,2012,65380.245990
2023,Norway,2011,62060.958530
2024,Norway,2010,57995.860190
2025,Norway,2009,55459.989670
2026,Norway,2008,61676.119570
2027,Norway,2007,55847.138720
2028,Norway,2006,54110.882650
2029,Norway,2005,47772.430080
2030,Norway,2004,42516.432210
2031,Norway,2003,38530.803130
2032,Norway,2002,37959.794810
2033,Norway,2001,37873.579000
2034,Norway,2000,36927.960130
2035,Nepal,2015,2462.074610
2036,Nepal,2014,2399.772704
2037,Nepal,2013,2251.497680
2038,Nepal,2012,2153.736493
2039,Nepal,2011,2042.140687
2040,Nepal,2010,1956.465866
2041,Nepal,2009,1863.683463
2042,Nepal,2008,1787.405820
2043,Nepal,2007,1668.740402
2044,Nepal,2006,1588.265153
2045,Nepal,2005,1507.568314
2046,Nepal,2004,1428.757638
2047,Nepal,2003,1345.907258
2048,Nepal,2002,1287.734432
2049,Nepal,2001,1286.472736
2050,Nepal,2000,1220.464250
2051,Nauru,2015,13064.545230
2052,Nauru,2014,13232.172540
2053,Nauru,2013,10429.795590
2054,Nauru,2012,8050.698202
2055,Nauru,2011,7339.301270
2056,Nauru,2010,6459.083166
2057,Nauru,2009,5617.952380
2058,Nauru,2008,5121.554264
2059,Nauru,2007,3726.445999
2060,New Zealand,2015,37575.930550
2061,New Zealand,2014,37087.937990
2062,New Zealand,2013,36210.165030
2063,New Zealand,2012,33065.511240
2064,New Zealand,2011,32734.383160
2065,New Zealand,2010,31263.785790
2066,New Zealand,2009,30699.304190
2067,New Zealand,2008,29860.212780
2068,New Zealand,2007,29386.947680
2069,New Zealand,2006,27767.220480
2070,New Zealand,2005,25677.261490
2071,New Zealand,2004,25086.462660
2072,New Zealand,2003,23963.531120
2073,New Zealand,2002,23306.451950
2074,New Zealand,2001,22507.928610
2075,New Zealand,2000,21509.829690
2076,Oman,2015,39971.092730
2077,Oman,2014,39678.299390
2078,Oman,2013,41216.364940
2079,Oman,2012,42827.146170
2080,Oman,2011,42479.201320
2081,Oman,2010,45892.366680
2082,Oman,2009,46106.330610
2083,Oman,2008,44908.039770
2084,Oman,2007,41624.859850
2085,Oman,2006,39431.161140
2086,Oman,2005,36978.692880
2087,Oman,2004,35793.471770
2088,Oman,2003,35301.351510
2089,Oman,2002,36507.326290
2090,Oman,2001,37165.860960
2091,Oman,2000,35293.554460
2092,Pakistan,2015,5010.813994
2093,Pakistan,2014,4833.655394
2094,Pakistan,2013,4633.001322
2095,Pakistan,2012,4460.923073
2096,Pakistan,2011,4322.534383
2097,Pakistan,2010,4209.698030
2098,Pakistan,2009,4179.734024
2099,Pakistan,2008,4118.690108
2100,Pakistan,2007,4054.641798
2101,Pakistan,2006,3845.526136
2102,Pakistan,2005,3586.417778
2103,Pakistan,2004,3293.506342
2104,Pakistan,2003,3046.543167
2105,Pakistan,2002,2907.758182
2106,Pakistan,2001,2833.043366
2107,Pakistan,2000,2775.632634
2108,Panama,2015,22237.238260
2109,Panama,2014,21130.201740
2110,Panama,2013,19891.811970
2111,Panama,2012,18663.168170
2112,Panama,2011,17058.596440
2113,Panama,2010,15202.217430
2114,Panama,2009,14443.603170
2115,Panama,2008,14354.099500
2116,Panama,2007,13188.968010
2117,Panama,2006,11675.281210
2118,Panama,2005,10611.482890
2119,Panama,2004,9763.608470
2120,Panama,2003,8997.884297
2121,Panama,2002,8621.492567
2122,Panama,2001,8461.624717
2123,Panama,2000,8383.743202
2124,Peru,2015,12529.228630
2125,Peru,2014,12161.944390
2126,Peru,2013,11828.905520
2127,Peru,2012,11145.585070
2128,Peru,2011,10449.127660
2129,Peru,2010,9755.149812
2130,Peru,2009,9010.308107
2131,Peru,2008,8956.494023
2132,Peru,2007,8148.909178
2133,Peru,2006,7404.291530
2134,Peru,2005,6762.773636
2135,Peru,2004,6240.732916
2136,Peru,2003,5858.863163
2137,Peru,2002,5584.343993
2138,Peru,2001,5283.029045
2139,Peru,2000,5202.233898
2140,Philippines,2015,7387.317593
2141,Philippines,2014,7009.809671
2142,Philippines,2013,6587.477758
2143,Philippines,2012,6153.070449
2144,Philippines,2011,5754.112442
2145,Philippines,2010,5524.154410
2146,Philippines,2009,5147.801513
2147,Philippines,2008,5126.222731
2148,Philippines,2007,4899.392332
2149,Philippines,2006,4546.350973
2150,Philippines,2005,4261.722997
2151,Philippines,2004,4012.576024
2152,Philippines,2003,3731.717535
2153,Philippines,2002,3557.433998
2154,Philippines,2001,3452.161429
2155,Philippines,2000,3350.700952
2156,Palau,2015,15317.166220
2157,Palau,2014,13984.124970
2158,Palau,2013,13289.395070
2159,Palau,2012,13510.034580
2160,Palau,2011,12947.907580
2161,Palau,2010,12157.300100
2162,Palau,2009,11700.539320
2163,Palau,2008,12845.300800
2164,Palau,2007,13416.134980
2165,Palau,2006,13144.554900
2166,Palau,2005,13181.436460
2167,Palau,2004,12676.923420
2168,Palau,2003,11597.760270
2169,Palau,2002,12219.358170
2170,Palau,2001,11389.042460
2171,Palau,2000,10802.468430
2172,Papua New Guinea,2014,2868.916341
2173,Papua New Guinea,2013,2651.813579
2174,Papua New Guinea,2012,2525.962109
2175,Papua New Guinea,2011,2345.065877
2176,Papua New Guinea,2010,2122.707450
2177,Papua New Guinea,2009,1992.353002
2178,Papua New Guinea,2008,1906.657151
2179,Papua New Guinea,2007,1795.976583
2180,Papua New Guinea,2006,1672.269239
2181,Papua New Guinea,2005,1624.923129
2182,Papua New Guinea,2004,1516.942886
2183,Papua New Guinea,2003,1473.066392
2184,Papua New Guinea,2002,1449.254175
2185,Papua New Guinea,2001,1466.036245
2186,Papua New Guinea,2000,1472.173297
2187,Poland,2015,26862.268330
2188,Poland,2014,25730.206960
2189,Poland,2013,24740.810010
2190,Poland,2012,23832.727020
2191,Poland,2011,22850.478420
2192,Poland,2010,21089.011080
2193,Poland,2009,19266.129530
2194,Poland,2008,18310.443210
2195,Poland,2007,16781.377890
2196,Poland,2006,15150.895700
2197,Poland,2005,13895.923540
2198,Poland,2004,13350.524080
2199,Poland,2003,12256.418900
2200,Poland,2002,11781.056350
2201,Poland,2001,11127.460480
2202,Poland,2000,10644.713850
2203,Puerto Rico,2013,35023.666720
2204,Puerto Rico,2012,34272.204420
2205,Puerto Rico,2011,34195.603670
2206,Puerto Rico,2010,33756.806860
2207,Puerto Rico,2009,34071.244890
2208,Puerto Rico,2008,34443.780370
2209,Puerto Rico,2007,34198.688480
2210,Puerto Rico,2006,34256.910350
2211,Puerto Rico,2005,33392.420900
2212,Puerto Rico,2004,32122.190330
2213,Puerto Rico,2003,30727.862750
2214,Puerto Rico,2002,29790.596980
2215,Puerto Rico,2001,28866.168950
2216,Puerto Rico,2000,25747.509440
2217,Portugal,2015,29717.693970
2218,Portugal,2014,28831.773520
2219,Portugal,2013,27924.725630
2220,Portugal,2012,26454.102600
2221,Portugal,2011,26780.214910
2222,Portugal,2010,27360.961120
2223,Portugal,2009,26496.180360
2224,Portugal,2008,26631.563960
2225,Portugal,2007,25695.867670
2226,Portugal,2006,24669.566980
2227,Portugal,2005,22739.589660
2228,Portugal,2004,21490.816230
2229,Portugal,2003,20839.634030
2230,Portugal,2002,20367.664410
2231,Portugal,2001,19585.469480
2232,Portugal,2000,18872.379010
2233,Paraguay,2015,9198.498534
2234,Paraguay,2014,8955.580940
2235,Paraguay,2013,8514.175374
2236,Paraguay,2012,7447.174726
2237,Paraguay,2011,7504.677492
2238,Paraguay,2010,7142.057039
2239,Paraguay,2009,6322.524743
2240,Paraguay,2008,6621.203833
2241,Paraguay,2007,6188.423416
2242,Paraguay,2006,5799.017847
2243,Paraguay,2005,5448.981171
2244,Paraguay,2004,5251.988258
2245,Paraguay,2003,4996.040368
2246,Paraguay,2002,4780.154483
2247,Paraguay,2001,4797.718424
2248,Paraguay,2000,4822.976061
2249,Qatar,2015,141542.662800
2250,Qatar,2014,139174.278800
2251,Qatar,2013,135923.471500
2252,Qatar,2012,133557.852600
2253,Qatar,2011,132514.494900
2254,Qatar,2010,123592.987300
2255,Qatar,2009,113286.431700
2256,Qatar,2008,115043.916100
2257,Qatar,2007,112973.901400
2258,Qatar,2006,111246.255200
2259,Qatar,2005,101030.948500
2260,Qatar,2004,104097.258600
2261,Qatar,2003,93110.312880
2262,Qatar,2002,92702.052620
2263,Qatar,2001,88051.195270
2264,Qatar,2000,85689.021300
2265,Romania,2015,22124.343300
2266,Romania,2014,20796.988560
2267,Romania,2013,19877.506610
2268,Romania,2012,18983.382470
2269,Romania,2011,18095.012740
2270,Romania,2010,17180.510470
2271,Romania,2009,16013.346160
2272,Romania,2008,16301.943460
2273,Romania,2007,13442.612250
2274,Romania,2006,11694.186590
2275,Romania,2005,9723.534337
2276,Romania,2004,9137.603686
2277,Romania,2003,7820.422076
2278,Romania,2002,7179.198932
2279,Romania,2001,6588.459563
2280,Romania,2000,5873.463317
2281,Russian Federation,2015,25186.169560
2282,Russian Federation,2014,25498.646390
2283,Russian Federation,2013,24165.326830
2284,Russian Federation,2012,25316.635790
2285,Russian Federation,2011,24074.364580
2286,Russian Federation,2010,20497.934080
2287,Russian Federation,2009,19386.584400
2288,Russian Federation,2008,20163.587650
2289,Russian Federation,2007,16648.586860
2290,Russian Federation,2006,14916.185260
2291,Russian Federation,2005,11822.370900
2292,Russian Federation,2004,10231.426450
2293,Russian Federation,2003,9253.577429
2294,Russian Federation,2002,8029.122652
2295,Russian Federation,2001,7367.609061
2296,Russian Federation,2000,6825.411391
2297,Rwanda,2015,1762.314126
2298,Rwanda,2014,1669.507522
2299,Rwanda,2013,1569.162855
2300,Rwanda,2012,1510.678110
2301,Rwanda,2011,1397.224691
2302,Rwanda,2010,1301.696952
2303,Rwanda,2009,1230.524243
2304,Rwanda,2008,1181.544770
2305,Rwanda,2007,1072.052347
2306,Rwanda,2006,996.671864
2307,Rwanda,2005,907.107381
2308,Rwanda,2004,838.703465
2309,Rwanda,2003,775.760625
2310,Rwanda,2002,762.658099
2311,Rwanda,2001,678.402069
2312,Rwanda,2000,633.750752
2313,Saudi Arabia,2015,53538.790430
2314,Saudi Arabia,2014,52268.295560
2315,Saudi Arabia,2013,50670.716380
2316,Saudi Arabia,2012,49729.517490
2317,Saudi Arabia,2011,47474.043380
2318,Saudi Arabia,2010,43351.767690
2319,Saudi Arabia,2009,41897.891500
2320,Saudi Arabia,2008,41853.099660
2321,Saudi Arabia,2007,38814.514420
2322,Saudi Arabia,2006,36601.903950
2323,Saudi Arabia,2005,34552.344500
2324,Saudi Arabia,2004,32105.373360
2325,Saudi Arabia,2003,29453.781440
2326,Saudi Arabia,2002,27639.689470
2327,Saudi Arabia,2001,28002.604330
2328,Saudi Arabia,2000,28013.209590
2329,Sudan,2015,4387.896396
2330,Sudan,2014,4231.195729
2331,Sudan,2013,4136.089387
2332,Sudan,2012,3981.989759
2333,Sudan,2011,3478.252239
2334,Sudan,2010,3175.273943
2335,Sudan,2009,3116.203100
2336,Sudan,2008,3080.764727
2337,Sudan,2007,2883.714026
2338,Sudan,2006,2591.937508
2339,Sudan,2005,2351.119436
2340,Sudan,2004,2180.530388
2341,Sudan,2003,2101.944562
2342,Sudan,2002,1968.097677
2343,Sudan,2001,1873.735559
2344,Sudan,2000,1769.652859
2345,Senegal,2015,2420.794877
2346,Senegal,2014,2319.173879
2347,Senegal,2013,2253.568646
2348,Senegal,2012,2211.634678
2349,Senegal,2011,2145.768396
2350,Senegal,2010,2129.792483
2351,Senegal,2009,2079.908456
2352,Senegal,2008,2073.390249
2353,Senegal,2007,2016.085041
2354,Senegal,2006,1922.929344
2355,Senegal,2005,1870.789913
2356,Senegal,2004,1763.237812
2357,Senegal,2003,1665.494123
2358,Senegal,2002,1572.456979
2359,Senegal,2001,1579.875219
2360,Senegal,2000,1515.583756
2361,Singapore,2015,85382.302270
2362,Singapore,2014,83798.589230
2363,Singapore,2013,80767.559720
2364,Singapore,2012,77173.238300
2365,Singapore,2011,74910.182530
2366,Singapore,2010,70561.083400
2367,Singapore,2009,61572.022530
2368,Singapore,2008,63361.320690
2369,Singapore,2007,64387.805080
2370,Singapore,2006,59926.483440
2371,Singapore,2005,55105.965890
2372,Singapore,2004,50849.675230
2373,Singapore,2003,45744.135380
2374,Singapore,2002,42316.458010
2375,Singapore,2001,40358.974520
2376,Singapore,2000,40928.337050
2377,Solomon Islands,2015,2200.934181
2378,Solomon Islands,2014,2141.012127
2379,Solomon Islands,2013,2114.567732
2380,Solomon Islands,2012,2062.454263
2381,Solomon Islands,2011,1976.406900
2382,Solomon Islands,2010,1752.119880
2383,Solomon Islands,2009,1655.210388
2384,Solomon Islands,2008,1763.154933
2385,Solomon Islands,2007,1651.874965
2386,Solomon Islands,2006,1534.731167
2387,Solomon Islands,2005,1426.119018
2388,Solomon Islands,2004,1343.430957
2389,Solomon Islands,2003,1278.507124
2390,Solomon Islands,2002,1208.018933
2391,Solomon Islands,2001,1256.852442
2392,Solomon Islands,2000,1371.662572
2393,Sierra Leone,2015,1569.318744
2394,Sierra Leone,2014,1997.992281
2395,Sierra Leone,2013,1918.859652
2396,Sierra Leone,2012,1599.431938
2397,Sierra Leone,2011,1394.477558
2398,Sierra Leone,2010,1333.583438
2399,Sierra Leone,2009,1278.904800
2400,Sierra Leone,2008,1240.407347
2401,Sierra Leone,2007,1182.208249
2402,Sierra Leone,2006,1095.744509
2403,Sierra Leone,2005,1041.572371
2404,Sierra Leone,2004,1007.075890
2405,Sierra Leone,2003,965.163232
2406,Sierra Leone,2002,909.249006
2407,Sierra Leone,2001,743.142809
2408,Sierra Leone,2000,813.186205
2409,El Salvador,2015,8619.580946
2410,El Salvador,2014,8349.206901
2411,El Salvador,2013,8111.080083
2412,El Salvador,2012,7859.860730
2413,El Salvador,2011,7596.509131
2414,El Salvador,2010,7301.806597
2415,El Salvador,2009,7136.595021
2416,El Salvador,2008,7332.798993
2417,El Salvador,2007,7122.336318
2418,El Salvador,2006,6702.272962
2419,El Salvador,2005,6279.113261
2420,El Salvador,2004,5896.016066
2421,El Salvador,2003,5657.039070
2422,El Salvador,2002,5446.314438
2423,El Salvador,2001,5267.792374
2424,El Salvador,2000,5092.548588
2425,Serbia,2015,14111.901310
2426,Serbia,2014,13806.033040
2427,Serbia,2013,13772.546550
2428,Serbia,2012,13108.045250
2429,Serbia,2011,12967.871380
2430,Serbia,2010,12098.693110
2431,Serbia,2009,11841.847820
2432,Serbia,2008,11921.802510
2433,Serbia,2007,10472.051740
2434,Serbia,2006,9615.653634
2435,Serbia,2005,8706.981641
2436,Serbia,2004,8070.216444
2437,Serbia,2003,7197.419257
2438,Serbia,2002,6800.879652
2439,Serbia,2001,6151.868233
2440,Serbia,2000,5721.741945
2441,South Sudan,2015,1853.798627
2442,South Sudan,2014,2028.895360
2443,South Sudan,2013,2005.155918
2444,South Sudan,2012,1819.434959
2445,South Sudan,2011,3461.751039
2446,South Sudan,2010,3717.215638
2447,South Sudan,2009,3637.873769
2448,South Sudan,2008,3591.908920
2449,Sao Tome and Principe,2015,3218.573600
2450,Sao Tome and Principe,2014,3128.401877
2451,Sao Tome and Principe,2013,2956.509286
2452,Sao Tome and Principe,2012,2836.553749
2453,Sao Tome and Principe,2011,2759.745784
2454,Sao Tome and Principe,2010,2647.086992
2455,Sao Tome and Principe,2009,2505.596106
2456,Sao Tome and Principe,2008,2481.245830
2457,Sao Tome and Principe,2007,2298.993305
2458,Sao Tome and Principe,2006,2217.031443
2459,Sao Tome and Principe,2005,2015.508902
2460,Sao Tome and Principe,2004,1864.908921
2461,Sao Tome and Principe,2003,1788.322876
2462,Sao Tome and Principe,2002,1682.834247
2463,Sao Tome and Principe,2001,1654.550100
2464,Suriname,2015,16702.659230
2465,Suriname,2014,16720.146630
2466,Suriname,2013,16273.889970
2467,Suriname,2012,15718.132990
2468,Suriname,2011,15119.743550
2469,Suriname,2010,14216.548790
2470,Suriname,2009,13502.625890
2471,Suriname,2008,13159.397240
2472,Suriname,2007,12533.852760
2473,Suriname,2006,11732.321400
2474,Suriname,2005,11049.555510
2475,Suriname,2004,10293.407510
2476,Suriname,2003,9200.654970
2477,Suriname,2002,8533.324408
2478,Suriname,2001,8092.123255
2479,Suriname,2000,7621.723237
2480,Slovak Republic,2015,29931.246970
2481,Slovak Republic,2014,29045.751540
2482,Slovak Republic,2013,27922.842180
2483,Slovak Republic,2012,26647.421960
2484,Slovak Republic,2011,25835.004760
2485,Slovak Republic,2010,25010.544580
2486,Slovak Republic,2009,23082.790560
2487,Slovak Republic,2008,23691.643880
2488,Slovak Republic,2007,21156.830450
2489,Slovak Republic,2006,18875.524550
2490,Slovak Republic,2005,16616.134540
2491,Slovak Republic,2004,15198.919690
2492,Slovak Republic,2003,14138.909160
2493,Slovak Republic,2002,13294.494590
2494,Slovak Republic,2001,12399.757350
2495,Slovak Republic,2000,11347.912070
2496,Slovenia,2015,31990.476230
2497,Slovenia,2014,31022.155630
2498,Slovenia,2013,29558.642280
2499,Slovenia,2012,28841.923060
2500,Slovenia,2011,28804.701520
2501,Slovenia,2010,27792.977980
2502,Slovenia,2009,27504.072070
2503,Slovenia,2008,29624.190180
2504,Slovenia,2007,27594.791180
2505,Slovenia,2006,25777.986690
2506,Slovenia,2005,23945.255340
2507,Slovenia,2004,22792.927980
2508,Slovenia,2003,21132.386490
2509,Slovenia,2002,20305.022220
2510,Slovenia,2001,18998.774390
2511,Slovenia,2000,18036.467270
2512,Sweden,2015,47861.965290
2513,Sweden,2014,46445.771910
2514,Sweden,2013,45714.457670
2515,Sweden,2012,44724.974340
2516,Sweden,2011,43755.060440
2517,Sweden,2010,41667.832090
2518,Sweden,2009,39693.325300
2519,Sweden,2008,41853.696180
2520,Sweden,2007,40563.838800
2521,Sweden,2006,37439.837030
2522,Sweden,2005,33967.187530
2523,Sweden,2004,33551.705580
2524,Sweden,2003,31470.895740
2525,Sweden,2002,30587.762520
2526,Sweden,2001,29701.997420
2527,Sweden,2000,29257.985260
2528,Swaziland,2015,8647.786149
2529,Swaziland,2014,8517.091751
2530,Swaziland,2013,8263.738817
2531,Swaziland,2012,7896.358632
2532,Swaziland,2011,7615.493311
2533,Swaziland,2010,7440.690912
2534,Swaziland,2009,7340.785653
2535,Swaziland,2008,7224.694327
2536,Swaziland,2007,6898.537095
2537,Swaziland,2006,6554.061589
2538,Swaziland,2005,6125.914988
2539,Swaziland,2004,5692.872343
2540,Swaziland,2003,5406.960507
2541,Swaziland,2002,5097.256939
2542,Swaziland,2001,4896.076190
2543,Swaziland,2000,4746.643415
2544,Seychelles,2015,27177.174080
2545,Seychelles,2014,26564.967640
2546,Seychelles,2013,25655.822950
2547,Seychelles,2012,24251.523970
2548,Seychelles,2011,22556.582570
2549,Seychelles,2010,19953.160500
2550,Seychelles,2009,19131.331740
2551,Seychelles,2008,19274.848120
2552,Seychelles,2007,19755.667190
2553,Seychelles,2006,17516.548470
2554,Seychelles,2005,15859.919460
2555,Seychelles,2004,14161.515400
2556,Seychelles,2003,14134.483920
2557,Seychelles,2002,14559.348770
2558,Seychelles,2001,14607.238690
2559,Seychelles,2000,14626.460370
2560,Chad,2015,2175.821947
2561,Chad,2014,2184.698474
2562,Chad,2013,2075.132782
2563,Chad,2012,1997.410939
2564,Chad,2011,1862.351166
2565,Chad,2010,1884.795827
2566,Chad,2009,1694.821571
2567,Chad,2008,1667.697393
2568,Chad,2007,1640.202587
2569,Chad,2006,1599.891275
2570,Chad,2005,1596.689590
2571,Chad,2004,1366.931959
2572,Chad,2003,1033.548660
2573,Chad,2002,917.786318
2574,Chad,2001,865.717722
2575,Chad,2000,787.153221
2576,Togo,2015,1460.344910
2577,Togo,2014,1407.725518
2578,Togo,2013,1341.415372
2579,Togo,2012,1304.187972
2580,Togo,2011,1255.087825
2581,Togo,2010,1204.604894
2582,Togo,2009,1175.823679
2583,Togo,2008,1158.458470
2584,Togo,2007,1142.102150
2585,Togo,2006,1117.607504
2586,Togo,2005,1070.826742
2587,Togo,2004,1053.611318
2588,Togo,2003,1031.753887
2589,Togo,2002,990.225218
2590,Togo,2001,1011.109930
2591,Togo,2000,1032.035726
2592,Thailand,2015,16340.028570
2593,Thailand,2014,15775.614440
2594,Thailand,2013,15435.025570
2595,Thailand,2012,14853.329680
2596,Thailand,2011,13654.272460
2597,Thailand,2010,13309.419200
2598,Thailand,2009,12257.136180
2599,Thailand,2008,12272.739800
2600,Thailand,2007,11850.215090
2601,Thailand,2006,10977.611740
2602,Thailand,2005,10194.175690
2603,Thailand,2004,9545.997831
2604,Thailand,2003,8819.994762
2605,Thailand,2002,8153.163182
2606,Thailand,2001,7650.813673
2607,Thailand,2000,7314.542194
2608,Tajikistan,2015,2833.654846
2609,Tajikistan,2014,2704.106895
2610,Tajikistan,2013,2546.208548
2611,Tajikistan,2012,2386.327474
2612,Tajikistan,2011,2229.445742
2613,Tajikistan,2010,2080.044388
2614,Tajikistan,2009,1972.915229
2615,Tajikistan,2008,1928.200965
2616,Tajikistan,2007,1790.925690
2617,Tajikistan,2006,1653.075402
2618,Tajikistan,2005,1530.575671
2619,Tajikistan,2004,1418.731424
2620,Tajikistan,2003,1277.456606
2621,Tajikistan,2002,1150.615863
2622,Tajikistan,2001,1041.638879
2623,Tajikistan,2000,939.740846
2624,Turkmenistan,2015,16532.485940
2625,Turkmenistan,2014,15550.121680
2626,Turkmenistan,2013,14027.412120
2627,Turkmenistan,2012,12689.343830
2628,Turkmenistan,2011,11360.502150
2629,Turkmenistan,2010,9828.662204
2630,Turkmenistan,2009,9004.579189
2631,Turkmenistan,2008,8528.113320
2632,Turkmenistan,2007,7381.120936
2633,Turkmenistan,2006,6550.184923
2634,Turkmenistan,2005,5791.712128
2635,Turkmenistan,2004,5017.719660
2636,Turkmenistan,2003,4699.745806
2637,Turkmenistan,2002,4508.433493
2638,Turkmenistan,2001,4475.982721
2639,Turkmenistan,2000,4240.974059
2640,Tonga,2015,5534.831912
2641,Tonga,2014,5309.424934
2642,Tonga,2013,5132.250761
2643,Tonga,2012,5232.082279
2644,Tonga,2011,5110.546090
2645,Tonga,2010,4891.998479
2646,Tonga,2009,4690.116180
2647,Tonga,2008,4576.675533
2648,Tonga,2007,4381.461880
2649,Tonga,2006,4482.441625
2650,Tonga,2005,4412.658271
2651,Tonga,2004,4235.053030
2652,Tonga,2003,4161.999126
2653,Tonga,2002,4020.622040
2654,Tonga,2001,3851.138356
2655,Tonga,2000,3654.324669
2656,Trinidad and Tobago,2015,33308.520410
2657,Trinidad and Tobago,2014,33282.877710
2658,Trinidad and Tobago,2013,33039.163820
2659,Trinidad and Tobago,2012,31830.731570
2660,Trinidad and Tobago,2011,31012.669950
2661,Trinidad and Tobago,2010,30628.657070
2662,Trinidad and Tobago,2009,29429.213860
2663,Trinidad and Tobago,2008,30693.869000
2664,Trinidad and Tobago,2007,29252.118800
2665,Trinidad and Tobago,2006,27328.355780
2666,Trinidad and Tobago,2005,23532.507460
2667,Trinidad and Tobago,2004,21572.513520
2668,Trinidad and Tobago,2003,19547.276750
2669,Trinidad and Tobago,2002,16828.069860
2670,Trinidad and Tobago,2001,15420.819230
2671,Trinidad and Tobago,2000,14524.137020
2672,Tunisia,2015,11467.066280
2673,Tunisia,2014,11357.815430
2674,Tunisia,2013,10969.596170
2675,Tunisia,2012,10600.955510
2676,Tunisia,2011,10123.120120
2677,Tunisia,2010,10225.960560
2678,Tunisia,2009,9868.445034
2679,Tunisia,2008,9609.010479
2680,Tunisia,2007,9137.024481
2681,Tunisia,2006,8424.202811
2682,Tunisia,2005,7838.077913
2683,Tunisia,2004,7400.191750
2684,Tunisia,2003,6832.577764
2685,Tunisia,2002,6446.951946
2686,Tunisia,2001,6316.896928
2687,Tunisia,2000,6003.315105
2688,Turkey,2015,20008.914380
2689,Turkey,2014,19653.611830
2690,Turkey,2013,19228.656450
2691,Turkey,2012,18560.178230
2692,Turkey,2011,18269.837820
2693,Turkey,2010,16541.991090
2694,Turkey,2009,14794.511150
2695,Turkey,2008,15355.910590
2696,Turkey,2007,14228.522240
2697,Turkey,2006,13106.713560
2698,Turkey,2005,11457.992600
2699,Turkey,2004,10534.774260
2700,Turkey,2003,9335.882267
2701,Turkey,2002,9101.933575
2702,Turkey,2001,9041.756637
2703,Turkey,2000,9351.471714
2704,Tuvalu,2015,3926.173454
2705,Tuvalu,2014,3793.189653
2706,Tuvalu,2013,3651.250172
2707,Tuvalu,2012,3552.926553
2708,Tuvalu,2011,3488.248359
2709,Tuvalu,2010,3156.748086
2710,Tuvalu,2009,3212.379397
2711,Tuvalu,2008,3342.866072
2712,Tuvalu,2007,3043.631250
2713,Tuvalu,2006,2796.861693
2714,Tuvalu,2005,2667.085324
2715,Tuvalu,2004,2698.809178
2716,Tuvalu,2003,2678.136383
2717,Tuvalu,2002,2733.428397
2718,Tuvalu,2001,2510.860974
2719,Tuvalu,2000,2428.779986
2720,Tanzania,2015,2672.509161
2721,Tanzania,2014,2550.490504
2722,Tanzania,2013,2417.413813
2723,Tanzania,2012,2289.261876
2724,Tanzania,2011,2206.910779
2725,Tanzania,2010,2068.488487
2726,Tanzania,2009,1983.222862
2727,Tanzania,2008,1927.688998
2728,Tanzania,2007,1847.864593
2729,Tanzania,2006,1711.388700
2730,Tanzania,2005,1634.893131
2731,Tanzania,2004,1507.797731
2732,Tanzania,2003,1400.303560
2733,Tanzania,2002,1320.614590
2734,Tanzania,2001,1246.881506
2735,Tanzania,2000,1180.742537
2736,Uganda,2015,1850.992410
2737,Uganda,2014,1799.293743
2738,Uganda,2013,1736.110653
2739,Uganda,2012,1704.455535
2740,Uganda,2011,1665.470433
2741,Uganda,2010,1541.642262
2742,Uganda,2009,1489.904419
2743,Uganda,2008,1431.996310
2744,Uganda,2007,1335.979017
2745,Uganda,2006,1241.385391
2746,Uganda,2005,1124.297675
2747,Uganda,2004,1059.426932
2748,Uganda,2003,998.388533
2749,Uganda,2002,950.610360
2750,Uganda,2001,889.863003
2751,Uganda,2000,854.212213
2752,Ukraine,2015,7939.614020
2753,Ukraine,2014,8683.640842
2754,Ukraine,2013,8629.676994
2755,Ukraine,2012,8475.471746
2756,Ukraine,2011,8281.867126
2757,Ukraine,2010,7666.219577
2758,Ukraine,2009,7239.624226
2759,Ukraine,2008,8395.812545
2760,Ukraine,2007,8005.691760
2761,Ukraine,2006,7184.203287
2762,Ukraine,2005,6452.096195
2763,Ukraine,2004,6042.184784
2764,Ukraine,2003,5206.106632
2765,Ukraine,2002,4628.037293
2766,Ukraine,2001,4289.921231
2767,Ukraine,2000,3802.540243
2768,Uruguay,2015,21243.753800
2769,Uruguay,2014,20886.458040
2770,Uruguay,2013,19942.714720
2771,Uruguay,2012,18817.874920
2772,Uruguay,2011,17904.819860
2773,Uruguay,2010,16736.856000
2774,Uruguay,2009,15391.169530
2775,Uruguay,2008,14705.516640
2776,Uruguay,2007,13501.566420
2777,Uruguay,2006,12376.344030
2778,Uruguay,2005,11553.529410
2779,Uruguay,2004,10421.035730
2780,Uruguay,2003,9654.336694
2781,Uruguay,2002,9383.952934
2782,Uruguay,2001,10018.558470
2783,Uruguay,2000,10204.914460
2784,United States,2015,56115.718430
2785,United States,2014,54539.665580
2786,United States,2013,52749.911240
2787,United States,2012,51433.047090
2788,United States,2011,49781.800660
2789,United States,2010,48374.086790
2790,United States,2009,47001.555350
2791,United States,2008,48401.427340
2792,United States,2007,48061.537660
2793,United States,2006,46437.067120
2794,United States,2005,44307.920580
2795,United States,2004,41921.809760
2796,United States,2003,39677.198350
2797,United States,2002,38166.037840
2798,United States,2001,37273.618100
2799,United States,2000,36449.855120
2800,Uzbekistan,2015,6086.522181
2801,Uzbekistan,2014,5673.786193
2802,Uzbekistan,2013,5244.049380
2803,Uzbekistan,2012,4853.649706
2804,Uzbekistan,2011,4469.997484
2805,Uzbekistan,2010,4153.938846
2806,Uzbekistan,2009,3890.610174
2807,Uzbekistan,2008,3632.740121
2808,Uzbekistan,2007,3321.566762
2809,Uzbekistan,2006,2985.636057
2810,Uzbekistan,2005,2732.716951
2811,Uzbekistan,2004,2503.279375
2812,Uzbekistan,2003,2288.356703
2813,Uzbekistan,2002,2178.386398
2814,Uzbekistan,2001,2088.335658
2815,Uzbekistan,2000,1984.470120
2816,St. Vincent and the Grenadines,2015,11139.637470
2817,St. Vincent and the Grenadines,2014,10857.287550
2818,St. Vincent and the Grenadines,2013,10548.017040
2819,St. Vincent and the Grenadines,2012,10192.944780
2820,St. Vincent and the Grenadines,2011,9871.648577
2821,St. Vincent and the Grenadines,2010,9714.910209
2822,St. Vincent and the Grenadines,2009,9936.262682
2823,St. Vincent and the Grenadines,2008,10081.110800
2824,St. Vincent and the Grenadines,2007,9656.128955
2825,St. Vincent and the Grenadines,2006,9193.353618
2826,St. Vincent and the Grenadines,2005,8296.707714
2827,St. Vincent and the Grenadines,2004,7856.376180
2828,St. Vincent and the Grenadines,2003,7355.175293
2829,St. Vincent and the Grenadines,2002,6709.065830
2830,St. Vincent and the Grenadines,2001,6223.923720
2831,St. Vincent and the Grenadines,2000,5988.074628
2832,Venezuela RB,2014,17664.739350
2833,Venezuela RB,2013,18306.434340
2834,Venezuela RB,2012,18027.890120
2835,Venezuela RB,2011,17001.913240
2836,Venezuela RB,2010,16228.340810
2837,Venezuela RB,2009,16523.939670
2838,Venezuela RB,2008,17208.193370
2839,Venezuela RB,2007,16289.458620
2840,Venezuela RB,2006,14830.915800
2841,Venezuela RB,2005,13317.178560
2842,Venezuela RB,2004,11897.382830
2843,Venezuela RB,2003,9961.910360
2844,Venezuela RB,2002,10779.402870
2845,Venezuela RB,2001,11862.257940
2846,Venezuela RB,2000,11427.407080
2847,Vietnam,2015,6034.259949
2848,Vietnam,2014,5656.956940
2849,Vietnam,2013,5300.326070
2850,Vietnam,2012,5000.764854
2851,Vietnam,2011,4715.886349
2852,Vietnam,2010,4395.510163
2853,Vietnam,2009,4123.425804
2854,Vietnam,2008,3924.101329
2855,Vietnam,2007,3681.316118
2856,Vietnam,2006,3383.695040
2857,Vietnam,2005,3102.936693
2858,Vietnam,2004,2828.047516
2859,Vietnam,2003,2590.294311
2860,Vietnam,2002,2403.517497
2861,Vietnam,2001,2252.422657
2862,Vietnam,2000,2100.243076
2863,Vanuatu,2015,2987.918632
2864,Vanuatu,2014,3046.392286
2865,Vanuatu,2013,2990.693012
2866,Vanuatu,2012,2952.413431
2867,Vanuatu,2011,2915.239621
2868,Vanuatu,2010,2888.349379
2869,Vanuatu,2009,2874.878880
2870,Vanuatu,2008,2828.478687
2871,Vanuatu,2007,2669.742795
2872,Vanuatu,2006,2533.911244
2873,Vanuatu,2005,2323.459088
2874,Vanuatu,2004,2192.447393
2875,Vanuatu,2003,2105.441392
2876,Vanuatu,2002,2030.384081
2877,Vanuatu,2001,2159.381617
2878,Vanuatu,2000,2237.584965
2879,Samoa,2015,5934.874655
2880,Samoa,2014,5818.902565
2881,Samoa,2013,5692.156638
2882,Samoa,2012,5757.179640
2883,Samoa,2011,5674.475341
2884,Samoa,2010,5295.666099
2885,Samoa,2009,5244.284423
2886,Samoa,2008,5505.213410
2887,Samoa,2007,5380.617521
2888,Samoa,2006,4961.204069
2889,Samoa,2005,4750.403152
2890,Samoa,2004,4446.681442
2891,Samoa,2003,4162.378933
2892,Samoa,2002,3928.676984
2893,Samoa,2001,3729.844194
2894,Samoa,2000,3428.698019
2895,Yemen Rep.,2015,2820.801870
2896,Yemen Rep.,2014,3977.432117
2897,Yemen Rep.,2013,4014.592686
2898,Yemen Rep.,2012,3867.508962
2899,Yemen Rep.,2011,3807.949007
2900,Yemen Rep.,2010,4390.898972
2901,Yemen Rep.,2009,4139.595506
2902,Yemen Rep.,2008,4067.370812
2903,Yemen Rep.,2007,3958.975424
2904,Yemen Rep.,2006,3839.171424
2905,Yemen Rep.,2005,3714.087765
2906,Yemen Rep.,2004,3505.681681
2907,Yemen Rep.,2003,3375.945984
2908,Yemen Rep.,2002,3282.194347
2909,Yemen Rep.,2001,3199.511054
2910,Yemen Rep.,2000,3100.144128
2911,South Africa,2015,13195.465420
2912,South Africa,2014,13097.973690
2913,South Africa,2013,12859.617590
2914,South Africa,2012,12556.748470
2915,South Africa,2011,12243.879090
2916,South Africa,2010,11785.605140
2917,South Africa,2009,11462.615470
2918,South Africa,2008,11716.718970
2919,South Africa,2007,11289.429260
2920,South Africa,2006,10577.942370
2921,South Africa,2005,9847.832856
2922,South Africa,2004,9179.251464
2923,South Africa,2003,8651.849857
2924,South Africa,2002,8340.817652
2925,South Africa,2001,8016.430932
2926,South Africa,2000,7702.484655
2927,Zambia,2015,3835.503778
2928,Zambia,2014,3802.035292
2929,Zambia,2013,3678.844556
2930,Zambia,2012,3553.115833
2931,Zambia,2011,3342.653930
2932,Zambia,2010,3197.380716
2933,Zambia,2009,2950.712592
2934,Zambia,2008,2761.655318
2935,Zambia,2007,2587.314715
2936,Zambia,2006,2393.064359
2937,Zambia,2005,2212.044281
2938,Zambia,2004,2052.676660
2939,Zambia,2003,1915.431264
2940,Zambia,2002,1801.115002
2941,Zambia,2001,1740.960250
2942,Zambia,2000,1658.380980
2943,Zimbabwe,2015,1786.583862
2944,Zimbabwe,2014,1800.405209
2945,Zimbabwe,2013,1742.952005
2946,Zimbabwe,2012,1679.125594
2947,Zimbabwe,2011,1523.621784
2948,Zimbabwe,2010,1360.876026
2949,Zimbabwe,2009,1229.382424
2950,Zimbabwe,2008,1170.461903
2951,Zimbabwe,2007,1415.027698
2952,Zimbabwe,2006,1449.120124
2953,Zimbabwe,2005,1472.435072
2954,Zimbabwe,2004,1526.647718
2955,Zimbabwe,2003,1588.966940
2956,Zimbabwe,2002,1889.113103
2957,Zimbabwe,2001,2056.351718
2958,Zimbabwe,2000,1998.491850
